hub_state,hub_city,city,state,latitude,longitude,distance_miles,pickup_count
AL,Decatur,Addison,AL,34.2017,-87.1765,27.77,0
AL,Decatur,Albertville,AL,34.2633,-86.2108,49.33,5
AL,Decatur,Arab,AL,34.3309,-86.4991,32.62,1
AL,Decatur,Athens,AL,34.7843,-86.9503,14.77,12
AL,Decatur,Courtland,AL,34.6703,-87.326,20.22,2
AL,Decatur,Cullman,AL,34.1775,-86.8407,28.64,9
AL,Decatur,Decatur,AL,34.5731,-86.9905,0.0,41
AL,Decatur,Double Springs,AL,34.1502,-87.391,37.09,0
AL,Decatur,Florence,AL,34.8303,-87.6655,42.26,6
AL,Decatur,Guntersville,AL,34.3671,-86.2637,43.78,1
AL,Decatur,Haleyville,AL,34.2331,-87.6175,42.77,2
AL,Decatur,Hanceville,AL,34.0632,-86.7645,37.52,2
AL,Decatur,Hartselle,AL,34.4391,-86.9396,9.7,12
AL,Decatur,Holly Pond,AL,34.1696,-86.6125,35.24,1
AL,Decatur,Huntsville,AL,34.6981,-86.6412,21.65,27
AL,Decatur,Killen,AL,34.8607,-87.5268,36.37,0
AL,Decatur,Madison,AL,34.7114,-86.7626,16.1,8
AL,Decatur,Moulton,AL,34.4844,-87.2833,17.76,2
AL,Decatur,Muscle Shoals,AL,34.7432,-87.6343,38.43,11
AL,Decatur,New Market,AL,34.8892,-86.4226,38.95,1
AL,Decatur,Rogersville,AL,34.8251,-87.2821,24.03,4
AL,Decatur,Russellville,AL,34.5055,-87.7283,42.25,3
AL,Decatur,Spruce Pine,AL,34.3928,-87.7294,43.89,0
AL,Decatur,Trinity,AL,34.6011,-87.0816,5.53,14
AL,Decatur,Tuscumbia,AL,34.7204,-87.7035,41.79,6
AL,Decatur,Union Grove,AL,34.4025,-86.4483,33.05,0
AR,West Memphis,Cherry Valley,AR,35.4028,-90.7536,35.7,0
AR,West Memphis,Crawfordsville,AR,35.2267,-90.3241,8.68,2
AR,West Memphis,Forrest City,AR,35.0135,-90.7931,34.91,0
AR,West Memphis,Helena-West Helena,AR,34.5313,-90.6201,49.13,0
AR,West Memphis,Marianna,AR,34.7736,-90.7674,41.48,1
AR,West Memphis,Marked Tree,AR,35.5251,-90.4252,28.68,2
AR,West Memphis,Osceola,AR,35.6942,-89.9934,39.15,7
AR,West Memphis,Trumann,AR,35.677,-90.5259,40.6,1
AR,West Memphis,West Memphis,AR,35.153,-90.1996,0.0,55
AR,West Memphis,Wilson,AR,35.5661,-90.043,29.88,0
AR,West Memphis,Wynne,AR,35.2322,-90.7897,33.77,1
AZ,Phoenix,Avondale,AZ,33.3873,-112.3235,18.59,1
AZ,Phoenix,El Mirage,AZ,33.5905,-112.3271,13.75,0
AZ,Phoenix,Mesa,AZ,33.4015,-111.7178,24.44,1
AZ,Phoenix,Peoria,AZ,33.7843,-112.2989,18.98,0
AZ,Phoenix,Phoenix,AZ,33.5722,-112.0892,0.0,2
AZ,Phoenix,Tolleson,AZ,33.4484,-112.256,12.86,1
CA,Perris,Perris,CA,33.7898,-117.2233,0.0,2
CO,Aurora,Aurora,CO,39.7083,-104.7237,0.0,1
CO,Aurora,Brighton,CO,39.9716,-104.7963,18.6,1
CO,Aurora,Commerce City,CO,39.8641,-104.843,12.49,0
CO,Aurora,Denver,CO,39.762,-104.8758,8.89,1
CO,Aurora,Fort Lupton,CO,40.0827,-104.8068,26.24,0
CO,Aurora,Frederick,CO,40.1088,-104.9701,30.6,0
CT,Middletown,Ansonia,CT,41.3443,-73.0689,25.63,0
CT,Middletown,Bridgeport,CT,41.1918,-73.1954,37.28,15
CT,Middletown,Bristol,CT,41.6812,-72.9407,17.41,7
CT,Middletown,Canaan,CT,42.0347,-73.3322,48.48,2
CT,Middletown,Danbury,CT,41.4015,-73.4709,43.43,2
CT,Middletown,Danielson,CT,41.8086,-71.8854,43.61,0
CT,Middletown,Dayville,CT,41.8443,-71.8823,44.82,1
CT,Middletown,Derby,CT,41.3265,-73.0833,26.94,0
CT,Middletown,Hartford,CT,41.7661,-72.6834,15.17,6
CT,Middletown,JEWETT CITY,CT,41.607,-71.9806,35.09,0
CT,Middletown,Meriden,CT,41.5369,-72.7946,7.26,1
CT,Middletown,Middletown,CT,41.5476,-72.6549,0.0,30
CT,Middletown,Mystic,CT,41.3562,-71.9546,38.6,0
CT,Middletown,Naugatuck,CT,41.489,-73.0518,20.93,12
CT,Middletown,New Britain,CT,41.6759,-72.7862,11.16,2
CT,Middletown,New Haven,CT,41.3113,-72.9246,21.49,7
CT,Middletown,Norwalk,CT,41.1144,-73.4215,49.78,0
CT,Middletown,Norwich,CT,41.5495,-72.0882,29.3,1
CT,Middletown,SOUTH WINDHAM,CT,41.685,-72.1845,26.09,0
CT,Middletown,Sandy Hook,CT,41.4128,-73.244,31.88,0
CT,Middletown,Shelton,CT,41.306,-73.1383,30.1,13
CT,Middletown,Stafford Springs,CT,41.9595,-72.3105,33.54,0
CT,Middletown,Torrington,CT,41.8349,-73.1282,31.47,3
CT,Middletown,Waterbury,CT,41.5582,-73.0361,19.72,14
CT,Middletown,West Haven,CT,41.2739,-72.9672,24.89,6
CT,Middletown,Willimantic,CT,41.7171,-72.2114,25.72,2
CT,Middletown,Winsted,CT,41.9262,-73.0675,33.72,2
DC,Washington,Washington,DC,38.9047,-77.0163,0.0,3
DE,Wilmington,Bear,DE,39.6189,-75.6808,11.25,2
DE,Wilmington,Camden,DE,39.099,-75.5571,44.4,0
DE,Wilmington,Claymont,DE,39.8032,-75.4607,6.05,2
DE,Wilmington,Clayton,DE,39.2849,-75.6366,31.95,2
DE,Wilmington,Delaware City,DE,39.574,-75.5938,11.9,0
DE,Wilmington,Dover,DE,39.161,-75.5202,40.12,29
DE,Wilmington,Edgemoor,DE,39.7547,-75.5069,2.06,1
DE,Wilmington,Hartly,DE,39.1683,-75.7124,40.64,0
DE,Wilmington,Hockessin,DE,39.7837,-75.6815,7.98,0
DE,Wilmington,Middletown,DE,39.445,-75.7183,22.54,11
DE,Wilmington,New Castle,DE,39.6681,-75.5697,5.29,101
DE,Wilmington,Newark,DE,39.6776,-75.7576,12.3,68
DE,Wilmington,Newport,DE,39.7135,-75.6046,3.87,1
DE,Wilmington,Smyrna,DE,39.2935,-75.6083,31.16,1
DE,Wilmington,Townsend,DE,39.3968,-75.6943,25.17,0
DE,Wilmington,Viola,DE,39.0429,-75.5715,48.3,0
DE,Wilmington,Wilmington,DE,39.7415,-75.5416,0.0,149
FL,Jacksonville,East Palatka,FL,29.6502,-81.5997,47.34,0
FL,Jacksonville,Fernandina Beach,FL,30.6571,-81.4511,26.1,10
FL,Jacksonville,Fleming Island,FL,30.0988,-81.7124,16.28,0
FL,Jacksonville,Green Cove Springs,FL,29.9904,-81.6807,23.62,1
FL,Jacksonville,Jacksonville,FL,30.3322,-81.6749,0.0,139
FL,Jacksonville,Jacksonville Beach,FL,30.2782,-81.4045,16.56,0
FL,Jacksonville,Macclenny,FL,30.2809,-82.1253,27.1,0
FL,Jacksonville,Middleburg,FL,30.0502,-81.9011,23.71,7
FL,Jacksonville,Orange Park,FL,30.1706,-81.7041,11.3,1
FL,Jacksonville,Palatka,FL,29.6493,-81.6705,47.18,1
FL,Jacksonville,St. Augustine,FL,29.8976,-81.31,37.11,1
FL,Jacksonville,Starke,FL,29.9474,-82.1129,37.31,0
FL,Jacksonville,Yulee,FL,30.635,-81.5678,21.87,4
GA,Atlanta,Acworth,GA,34.0566,-84.6716,24.84,18
GA,Atlanta,Alpharetta,GA,34.0704,-84.2738,22.89,8
GA,Atlanta,Atlanta,GA,33.7628,-84.422,0.0,178
GA,Atlanta,Auburn,GA,34.0156,-83.8319,38.09,1
GA,Atlanta,Austell,GA,33.8201,-84.6451,13.41,16
GA,Atlanta,Ball Ground,GA,34.3426,-84.3637,40.2,4
GA,Atlanta,Bethlehem,GA,33.9368,-83.7102,42.58,1
GA,Atlanta,Braselton,GA,34.1087,-83.8127,42.32,5
GA,Atlanta,Bremen,GA,33.7085,-85.1495,41.97,0
GA,Atlanta,Buchanan,GA,33.803,-85.1804,43.64,2
GA,Atlanta,Buford,GA,34.1192,-83.9903,34.91,16
GA,Atlanta,Canton,GA,34.2467,-84.4897,33.66,0
GA,Atlanta,Carrollton,GA,33.5818,-85.0838,40.06,11
GA,Atlanta,Cartersville,GA,34.1644,-84.8009,35.23,122
GA,Atlanta,Chamblee,GA,33.8842,-84.3007,10.9,0
GA,Atlanta,Clarkston,GA,33.8117,-84.2403,10.97,1
GA,Atlanta,College Park,GA,33.6363,-84.464,9.07,10
GA,Atlanta,Conley,GA,33.6399,-84.3376,9.78,0
GA,Atlanta,Conyers,GA,33.6646,-83.9966,25.37,33
GA,Atlanta,Covington,GA,33.6049,-83.8463,34.85,32
GA,Atlanta,Cumming,GA,34.2063,-84.1339,34.81,5
GA,Atlanta,Dacula,GA,33.9815,-83.8952,33.79,1
GA,Atlanta,Dallas,GA,33.9152,-84.8416,26.28,2
GA,Atlanta,Dawsonville,GA,34.4362,-84.125,49.53,3
GA,Atlanta,Decatur,GA,33.7711,-84.2963,7.24,2
GA,Atlanta,Doraville,GA,33.9073,-84.2711,13.22,2
GA,Atlanta,Douglasville,GA,33.7384,-84.7054,16.37,0
GA,Atlanta,Duluth,GA,34.0053,-84.1492,22.93,16
GA,Atlanta,Dunwoody,GA,33.9418,-84.3122,13.88,0
GA,Atlanta,East Point,GA,33.6696,-84.4701,7.01,11
GA,Atlanta,Fairburn,GA,33.5496,-84.5914,17.66,58
GA,Atlanta,Fairmount,GA,34.4383,-84.6998,49.3,13
GA,Atlanta,Fayetteville,GA,33.4501,-84.471,21.79,1
GA,Atlanta,Flovilla,GA,33.2524,-83.903,46.23,0
GA,Atlanta,Flowery Branch,GA,34.1712,-83.9142,40.53,9
GA,Atlanta,Forest Park,GA,33.6209,-84.359,10.45,9
GA,Atlanta,Gainesville,GA,34.2902,-83.8294,49.79,58
GA,Atlanta,Griffin,GA,33.2418,-84.2748,36.98,18
GA,Atlanta,Hampton,GA,33.3774,-84.2969,27.59,4
GA,Atlanta,Hapeville,GA,33.6609,-84.4093,7.08,2
GA,Atlanta,Hiram,GA,33.8777,-84.771,21.55,1
GA,Atlanta,Hogansville,GA,33.1674,-84.9027,49.6,0
GA,Atlanta,Hoschton,GA,34.0853,-83.7594,44.04,2
GA,Atlanta,Jackson,GA,33.292,-83.9679,41.74,0
GA,Atlanta,Jasper,GA,34.471,-84.4497,48.96,2
GA,Atlanta,Jonesboro,GA,33.5211,-84.3548,17.14,4
GA,Atlanta,Kennesaw,GA,34.026,-84.6177,21.37,9
GA,Atlanta,Lawrenceville,GA,33.9523,-83.9932,27.87,21
GA,Atlanta,Lilburn,GA,33.8897,-84.1364,18.59,0
GA,Atlanta,Lithia Springs,GA,33.7811,-84.6487,13.08,53
GA,Atlanta,Lithonia,GA,33.7129,-84.106,18.48,15
GA,Atlanta,Locust Grove,GA,33.3446,-84.1071,34.11,4
GA,Atlanta,Lovejoy,GA,33.4426,-84.3177,22.92,0
GA,Atlanta,Mableton,GA,33.8133,-84.5655,8.95,4
GA,Atlanta,Marietta,GA,33.9533,-84.5422,14.86,31
GA,Atlanta,Mcdonough,GA,33.4397,-84.1505,27.25,65
GA,Atlanta,Milner,GA,33.1176,-84.1931,46.49,0
GA,Atlanta,Monroe,GA,33.799,-83.7161,40.62,10
GA,Atlanta,Morrow,GA,33.5815,-84.3391,13.4,8
GA,Atlanta,Newnan,GA,33.3767,-84.7761,33.57,21
GA,Atlanta,Norcross,GA,33.9379,-84.2065,17.3,47
GA,Atlanta,Oakwood,GA,34.2236,-83.8851,44.27,6
GA,Atlanta,Palmetto,GA,33.531,-84.6678,21.36,18
GA,Atlanta,Peachtree City,GA,33.3942,-84.571,26.87,3
GA,Atlanta,Peachtree Corners,GA,33.967,-84.232,17.83,0
GA,Atlanta,Powder Springs,GA,33.8659,-84.684,16.64,0
GA,Atlanta,Rockmart,GA,34.0103,-85.044,39.56,1
GA,Atlanta,Senoia,GA,33.3082,-84.5546,32.32,0
GA,Atlanta,Smyrna,GA,33.8633,-84.5168,8.82,3
GA,Atlanta,Social Circle,GA,33.6505,-83.7116,41.56,10
GA,Atlanta,Stockbridge,GA,33.5254,-84.2295,19.79,5
GA,Atlanta,Stone Mountain,GA,33.8035,-84.1723,14.61,28
GA,Atlanta,Stonecrest,GA,33.6842,-84.1372,17.24,0
GA,Atlanta,Sugar Hill,GA,34.108,-84.0558,31.77,1
GA,Atlanta,Suwanee,GA,34.0508,-84.0686,28.4,16
GA,Atlanta,Tallapoosa,GA,33.7335,-85.2859,49.67,2
GA,Atlanta,Talmo,GA,34.1831,-83.721,49.56,4
GA,Atlanta,Temple,GA,33.7342,-85.0289,34.92,3
GA,Atlanta,Tucker,GA,33.8436,-84.2024,13.79,22
GA,Atlanta,Tyrone,GA,33.4752,-84.5941,22.2,1
GA,Atlanta,Union City,GA,33.5942,-84.5629,14.19,14
GA,Atlanta,Villa Rica,GA,33.7294,-84.9177,28.57,28
GA,Atlanta,White,GA,34.2823,-84.7481,40.46,11
GA,Atlanta,Winder,GA,33.9917,-83.7218,43.17,6
GA,Atlanta,Woodstock,GA,34.1026,-84.5091,24.0,5
GA,Atlanta,Zebulon,GA,33.093,-84.3427,46.5,0
IA,Des Moines,Adel,IA,41.6101,-94.0124,20.93,3
IA,Des Moines,Altoona,IA,41.6483,-93.4783,8.61,4
IA,Des Moines,Ames,IA,42.0256,-93.6217,31.31,7
IA,Des Moines,Ankeny,IA,41.7288,-93.6031,10.81,4
IA,Des Moines,Boone,IA,42.0531,-93.877,35.93,1
IA,Des Moines,Carlisle,IA,41.5118,-93.495,7.3,2
IA,Des Moines,Chariton,IA,41.0175,-93.3097,41.4,0
IA,Des Moines,Clive,IA,41.6147,-93.798,10.12,1
IA,Des Moines,Des Moines,IA,41.5725,-93.6105,0.0,10
IA,Des Moines,Grimes,IA,41.6779,-93.7947,11.98,1
IA,Des Moines,Grinnell,IA,41.7359,-92.7244,47.12,0
IA,Des Moines,Marshalltown,IA,42.0343,-92.9068,48.29,1
IA,Des Moines,Nevada,IA,42.0184,-93.4633,31.73,0
IA,Des Moines,Ogden,IA,42.0395,-94.0282,38.78,1
IA,Des Moines,Pleasant Hill,IA,41.5867,-93.4953,6.03,0
IA,Des Moines,Urbandale,IA,41.639,-93.7812,9.94,1
IA,Des Moines,West Des Moines,IA,41.5521,-93.7806,8.91,0
ID,Weiser,Weiser,ID,44.2547,-116.9689,0.0,1
IL,Decatur,Arcola,IL,39.6833,-88.3013,35.66,5
IL,Decatur,Arthur,IL,39.7144,-88.4696,26.53,0
IL,Decatur,Bloomington,IL,40.4757,-88.9703,42.88,0
IL,Decatur,Champaign,IL,40.1142,-88.2737,39.26,4
IL,Decatur,Charleston,IL,39.4842,-88.1781,47.71,2
IL,Decatur,Clinton,IL,40.1468,-88.9633,20.17,0
IL,Decatur,Decatur,IL,39.8557,-88.9342,0.0,56
IL,Decatur,Illiopolis,IL,39.8498,-89.2521,16.87,1
IL,Decatur,Lincoln,IL,40.1508,-89.372,30.86,3
IL,Decatur,Mansfield,IL,40.2125,-88.5084,33.39,1
IL,Decatur,Mattoon,IL,39.4774,-88.3623,40.1,1
IL,Decatur,Mount Pulaski,IL,40.0102,-89.2839,21.38,1
IL,Decatur,Normal,IL,40.5217,-88.9884,46.11,1
IL,Decatur,Pana,IL,39.3829,-89.0642,33.39,3
IL,Decatur,Riverton,IL,39.8456,-89.5363,31.95,0
IL,Decatur,Shelbyville,IL,39.4097,-88.8005,31.63,1
IL,Decatur,Springfield,IL,39.7709,-89.654,38.65,3
IL,Decatur,Sullivan,IL,39.5951,-88.6084,24.98,1
IL,Decatur,Taylorville,IL,39.5328,-89.2804,28.92,2
IL,Decatur,Tuscola,IL,39.7968,-88.2749,35.22,1
IN,Indianapolis,Alexandria,IN,40.263,-85.6737,41.85,83
IN,Indianapolis,Anderson,IN,40.0891,-85.6892,32.4,11
IN,Indianapolis,Arlington,IN,39.6458,-85.5797,31.43,0
IN,Indianapolis,Avon,IN,39.7601,-86.3916,13.11,3
IN,Indianapolis,Bloomington,IN,39.1637,-86.5257,46.98,5
IN,Indianapolis,Brownsburg,IN,39.8337,-86.383,13.18,40
IN,Indianapolis,Carmel,IN,39.965,-86.146,12.98,9
IN,Indianapolis,Clayton,IN,39.6892,-86.5234,20.96,15
IN,Indianapolis,Columbus,IN,39.2093,-85.9183,41.06,56
IN,Indianapolis,Crawfordsville,IN,40.0428,-86.8976,43.87,43
IN,Indianapolis,Edinburgh,IN,39.3509,-85.9625,31.02,23
IN,Indianapolis,Ellettsville,IN,39.2322,-86.6232,45.44,0
IN,Indianapolis,Elwood,IN,40.2738,-85.8374,38.0,8
IN,Indianapolis,Fairland,IN,39.5849,-85.8627,20.07,4
IN,Indianapolis,Fishers,IN,39.9588,-85.9659,15.77,30
IN,Indianapolis,Flat Rock,IN,39.3642,-85.8317,33.07,1
IN,Indianapolis,Frankfort,IN,40.281,-86.5212,40.08,18
IN,Indianapolis,Franklin,IN,39.4948,-86.0544,20.1,45
IN,Indianapolis,Greencastle,IN,39.6432,-86.8418,38.13,2
IN,Indianapolis,Greenfield,IN,39.7937,-85.7738,19.78,56
IN,Indianapolis,Greensburg,IN,39.3518,-85.5028,45.13,8
IN,Indianapolis,Greenwood,IN,39.6019,-86.1073,12.28,21
IN,Indianapolis,Hope,IN,39.2992,-85.766,38.73,5
IN,Indianapolis,Indianapolis,IN,39.7771,-86.1458,0.0,330
IN,Indianapolis,Knightstown,IN,39.7959,-85.5312,32.66,1
IN,Indianapolis,Kokomo,IN,40.464,-86.1277,47.47,5
IN,Indianapolis,Lapel,IN,40.0334,-85.8406,23.98,1
IN,Indianapolis,Lebanon,IN,40.0324,-86.4551,24.08,40
IN,Indianapolis,Lewisville,IN,39.8068,-85.3529,42.14,0
IN,Indianapolis,Martinsville,IN,39.4149,-86.4316,29.29,1
IN,Indianapolis,Mccordsville,IN,39.8966,-85.9208,14.51,3
IN,Indianapolis,Middletown,IN,40.0595,-85.5423,37.46,1
IN,Indianapolis,Milroy,IN,39.4982,-85.4675,40.91,0
IN,Indianapolis,Mooresville,IN,39.6022,-86.3681,16.9,22
IN,Indianapolis,Morristown,IN,39.6738,-85.7052,24.48,0
IN,Indianapolis,Mount Summit,IN,40.0035,-85.3861,43.21,1
IN,Indianapolis,Muncie,IN,40.1989,-85.395,49.29,27
IN,Indianapolis,New Castle,IN,39.9191,-85.3697,42.32,8
IN,Indianapolis,New Ross,IN,39.9646,-86.7142,32.81,3
IN,Indianapolis,Noblesville,IN,40.0355,-86.0042,19.37,4
IN,Indianapolis,Orestes,IN,40.271,-85.7247,40.75,7
IN,Indianapolis,Pendleton,IN,40.0066,-85.7711,25.42,5
IN,Indianapolis,Pittsboro,IN,39.8705,-86.4654,18.15,8
IN,Indianapolis,Plainfield,IN,39.6954,-86.3716,13.26,70
IN,Indianapolis,Rushville,IN,39.6171,-85.4463,38.8,2
IN,Indianapolis,Shelbyville,IN,39.5352,-85.7793,25.68,20
IN,Indianapolis,Spencer,IN,39.2862,-86.7725,47.6,1
IN,Indianapolis,Spiceland,IN,39.8433,-85.426,38.48,1
IN,Indianapolis,Tipton,IN,40.282,-86.0423,35.31,15
IN,Indianapolis,Trafalgar,IN,39.4124,-86.1499,25.2,1
IN,Indianapolis,Westfield,IN,40.0341,-86.1529,17.76,8
IN,Indianapolis,Whiteland,IN,39.5505,-86.0739,16.12,64
IN,Indianapolis,Whitestown,IN,39.9706,-86.3612,17.58,68
IN,Indianapolis,Yorktown,IN,40.183,-85.5123,43.72,1
IN,Indianapolis,Zionsville,IN,39.9897,-86.3182,17.3,1
KS,Kansas City,Atchison,KS,39.5625,-95.1367,36.87,1
KS,Kansas City,Edgerton,KS,38.7717,-94.9706,27.18,16
KS,Kansas City,Edwardsville,KS,39.0765,-94.8166,5.06,2
KS,Kansas City,Elwood,KS,39.7519,-94.889,44.1,1
KS,Kansas City,Gardner,KS,38.8122,-94.9275,23.65,0
KS,Kansas City,Kansas City,KS,39.1235,-94.7443,0.0,18
KS,Kansas City,Lawrence,KS,38.9597,-95.2642,30.11,1
KS,Kansas City,Leavenworth,KS,39.3239,-94.924,16.86,3
KS,Kansas City,Lecompton,KS,39.0358,-95.3929,35.31,1
KS,Kansas City,Lenexa,KS,38.9609,-94.8018,11.65,7
KS,Kansas City,Mission,KS,39.027,-94.6568,8.15,0
KS,Kansas City,Olathe,KS,38.8833,-94.82,17.09,5
KS,Kansas City,Ottawa,KS,38.5996,-95.2636,45.73,0
KS,Kansas City,Shawnee,KS,39.0158,-94.8076,8.18,1
KS,Kansas City,Spring Hill,KS,38.7565,-94.8201,25.68,2
KS,Kansas City,Tonganoxie,KS,39.1088,-95.0811,18.08,0
KY,Louisville,Bardstown,KY,37.8175,-85.455,26.3,86
KY,Louisville,Bloomfield,KY,37.9122,-85.314,25.29,9
KY,Louisville,Brandenburg,KY,37.9956,-86.1773,31.08,13
KY,Louisville,Brooks,KY,38.0656,-85.7177,7.91,2
KY,Louisville,Buckner,KY,38.3903,-85.4535,18.75,19
KY,Louisville,Carrollton,KY,38.6799,-85.1658,44.07,10
KY,Louisville,Elizabethtown,KY,37.7031,-85.8773,34.35,28
KY,Louisville,Eminence,KY,38.3637,-85.1779,28.94,11
KY,Louisville,Fort Knox,KY,37.8915,-85.9636,25.59,0
KY,Louisville,Frankfort,KY,38.1924,-84.8643,42.63,99
KY,Louisville,Heritage Creek,KY,38.0951,-85.6125,5.29,1
KY,Louisville,Hodgenville,KY,37.5668,-85.7354,41.69,2
KY,Louisville,Hollyvilla,KY,38.0929,-85.7469,7.37,0
KY,Louisville,Irvington,KY,37.8779,-86.2848,39.96,0
KY,Louisville,Jeffersontown,KY,38.2049,-85.5701,5.02,1
KY,Louisville,La Grange,KY,38.3987,-85.375,21.86,6
KY,Louisville,Lawrenceburg,KY,38.0332,-84.9031,41.56,40
KY,Louisville,Lebanon,KY,37.5691,-85.2594,46.4,22
KY,Louisville,Lebanon Junction,KY,37.8357,-85.7243,23.21,5
KY,Louisville,Loretto,KY,37.6351,-85.3985,39.15,0
KY,Louisville,Louisville,KY,38.1663,-85.6485,0.0,381
KY,Louisville,Pioneer Village,KY,38.0599,-85.68,7.55,1
KY,Louisville,Radcliff,KY,37.8204,-85.9365,28.59,8
KY,Louisville,Shelbyville,KY,38.2067,-85.2292,22.94,23
KY,Louisville,Shepherdsville,KY,37.9813,-85.7007,13.09,313
KY,Louisville,Shively,KY,38.197,-85.8136,9.21,1
KY,Louisville,Simpsonville,KY,38.2167,-85.3515,16.5,2
KY,Louisville,Springfield,KY,37.6922,-85.2193,40.25,4
KY,Louisville,Vine Grove,KY,37.8134,-85.9828,30.43,4
KY,Louisville,Watterson Park,KY,38.189,-85.6864,2.59,0
LA,New Orleans,Albany,LA,30.4993,-90.5839,49.12,0
LA,New Orleans,Arabi,LA,29.9562,-89.9986,8.82,4
LA,New Orleans,Avondale,LA,29.9072,-90.1933,19.37,1
LA,New Orleans,Bogalusa,LA,30.7812,-89.8633,49.38,1
LA,New Orleans,Elmwood,LA,29.9554,-90.1879,17.37,0
LA,New Orleans,Gretna,LA,29.9101,-90.0515,13.19,0
LA,New Orleans,Hahnville,LA,29.9641,-90.4141,29.92,1
LA,New Orleans,Hammond,LA,30.5061,-90.4563,43.63,0
LA,New Orleans,Harahan,LA,29.9374,-90.2031,18.75,0
LA,New Orleans,Kenner,LA,30.0109,-90.2549,19.91,0
LA,New Orleans,Lacombe,LA,30.3141,-89.931,16.96,1
LA,New Orleans,Metairie,LA,29.9977,-90.178,15.69,0
LA,New Orleans,New Orleans,LA,30.0687,-89.9288,0.0,10
LA,New Orleans,Pearl River,LA,30.3688,-89.7495,23.34,0
LA,New Orleans,Reserve,LA,30.0741,-90.5557,37.49,1
LA,New Orleans,Slidell,LA,30.2887,-89.7828,17.52,0
LA,New Orleans,Springfield,LA,30.4255,-90.5444,44.25,0
MA,Leominster,Attleboro,MA,41.9311,-71.295,47.49,26
MA,Leominster,Boston,MA,42.3188,-71.0852,37.7,30
MA,Leominster,Brockton,MA,42.0821,-71.0242,48.77,9
MA,Leominster,Cambridge,MA,42.3759,-71.1185,34.78,0
MA,Leominster,Chelsea,MA,42.3959,-71.0325,38.66,0
MA,Leominster,Chicopee,MA,42.1764,-72.5719,47.29,18
MA,Leominster,Devens,MA,42.5439,-71.6146,8.16,33
MA,Leominster,Everett,MA,42.4064,-71.0545,37.4,2
MA,Leominster,Fitchburg,MA,42.5912,-71.8156,5.35,12
MA,Leominster,Framingham,MA,42.3085,-71.4368,22.52,3
MA,Leominster,Gardner,MA,42.5845,-71.9868,11.8,11
MA,Leominster,Haverhill,MA,42.7838,-71.0871,39.25,2
MA,Leominster,Holyoke,MA,42.2125,-72.6411,49.23,15
MA,Leominster,Lawrence,MA,42.7002,-71.1626,33.36,3
MA,Leominster,Leominster,MA,42.5209,-71.7717,0.0,38
MA,Leominster,Lowell,MA,42.6389,-71.3217,24.3,0
MA,Leominster,Lynn,MA,42.4781,-70.9664,41.13,3
MA,Leominster,Malden,MA,42.4305,-71.0576,36.92,0
MA,Leominster,Marlborough,MA,42.3494,-71.5468,16.49,0
MA,Leominster,Medford,MA,42.4234,-71.1087,34.45,1
MA,Leominster,Newburyport,MA,42.8124,-70.8878,49.22,7
MA,Leominster,Northampton,MA,42.3266,-72.6745,47.96,7
MA,Leominster,Peabody,MA,42.5335,-70.9725,40.7,10
MA,Leominster,Quincy,MA,42.2506,-71.0187,42.73,0
MA,Leominster,Salem,MA,42.5129,-70.9021,44.29,1
MA,Leominster,Somerville,MA,42.3908,-71.1014,35.33,0
MA,Leominster,South Deerfield,MA,42.4795,-72.5947,42.02,3
MA,Leominster,Springfield,MA,42.1155,-72.5395,48.2,10
MA,Leominster,Turners Falls,MA,42.5975,-72.5573,40.33,2
MA,Leominster,Woburn,MA,42.4869,-71.1543,31.54,1
MA,Leominster,Worcester,MA,42.2705,-71.8079,17.4,33
MD,Baltimore,Aberdeen,MD,39.5151,-76.1733,27.66,98
MD,Baltimore,Aberdeen Proving Ground,MD,39.4672,-76.1308,28.15,0
MD,Baltimore,Abingdon,MD,39.4629,-76.2754,21.13,0
MD,Baltimore,Annapolis,MD,38.9706,-76.5047,23.85,1
MD,Baltimore,Arbutus,MD,39.2428,-76.6922,5.99,8
MD,Baltimore,Arnold,MD,39.0437,-76.4974,19.12,0
MD,Baltimore,Baltimore,MD,39.3051,-76.6144,0.0,952
MD,Baltimore,Barclay,MD,39.1451,-75.8655,41.58,0
MD,Baltimore,Bel Air,MD,39.5348,-76.346,21.38,0
MD,Baltimore,Beltsville,MD,39.0394,-76.9211,24.64,1
MD,Baltimore,Bethesda,MD,38.9866,-77.1188,34.85,0
MD,Baltimore,Bladensburg,MD,38.9424,-76.9264,30.13,0
MD,Baltimore,Bowie,MD,38.9549,-76.7406,25.12,0
MD,Baltimore,Brandywine,MD,38.6963,-76.8846,44.5,2
MD,Baltimore,Brentwood,MD,38.9439,-76.9571,30.99,0
MD,Baltimore,Camp Springs,MD,38.8052,-76.9199,38.23,0
MD,Baltimore,Capitol Heights,MD,38.8765,-76.9075,33.53,37
MD,Baltimore,Catonsville,MD,39.2646,-76.7424,7.4,0
MD,Baltimore,Centreville,MD,39.042,-76.063,34.68,8
MD,Baltimore,Charlestown,MD,39.5783,-75.9812,38.7,0
MD,Baltimore,Chester,MD,38.9677,-76.2824,29.33,0
MD,Baltimore,Chestertown,MD,39.2182,-76.0714,29.66,6
MD,Baltimore,Cheverly,MD,38.9254,-76.9141,30.76,4
MD,Baltimore,Clarksburg,MD,39.2246,-77.2659,35.29,0
MD,Baltimore,Cockeysville,MD,39.4804,-76.6294,12.14,23
MD,Baltimore,Columbia,MD,39.2004,-76.859,14.95,10
MD,Baltimore,Crofton,MD,39.0144,-76.68,20.39,0
MD,Baltimore,Damascus,MD,39.2701,-77.1957,31.18,0
MD,Baltimore,Derwood,MD,39.1136,-77.151,31.63,3
MD,Baltimore,District Heights,MD,38.8588,-76.8885,34.16,0
MD,Baltimore,Dundalk,MD,39.2704,-76.4942,6.86,12
MD,Baltimore,Easton,MD,38.776,-76.0701,46.79,2
MD,Baltimore,Edgemere,MD,39.2273,-76.459,9.9,34
MD,Baltimore,Edgewood,MD,39.419,-76.2964,18.72,5
MD,Baltimore,Eldersburg,MD,39.4041,-76.9528,19.33,46
MD,Baltimore,Elkridge,MD,39.1941,-76.7428,10.3,43
MD,Baltimore,Elkton,MD,39.6066,-75.8209,47.18,29
MD,Baltimore,Emmitsburg,MD,39.7051,-77.3217,46.75,0
MD,Baltimore,Essex,MD,39.3021,-76.4449,9.06,31
MD,Baltimore,Fallston,MD,39.5332,-76.4452,18.16,1
MD,Baltimore,Forestville,MD,38.8518,-76.8708,34.21,1
MD,Baltimore,Fort Meade,MD,39.1061,-76.7437,15.39,0
MD,Baltimore,Fort Washington,MD,38.7339,-77.0069,44.74,0
MD,Baltimore,Frederick,MD,39.4337,-77.4141,43.63,27
MD,Baltimore,Fulton,MD,39.1516,-76.9163,19.33,0
MD,Baltimore,Gaithersburg,MD,39.1346,-77.2131,34.14,0
MD,Baltimore,Gambrills,MD,39.0927,-76.6511,14.81,1
MD,Baltimore,Garrison,MD,39.4023,-76.7514,9.93,0
MD,Baltimore,Germantown,MD,39.1755,-77.2643,35.91,0
MD,Baltimore,Glen Burnie,MD,39.156,-76.6071,10.31,4
MD,Baltimore,Glenarden,MD,38.9294,-76.8577,29.05,0
MD,Baltimore,Glenn Dale,MD,38.9833,-76.804,24.45,0
MD,Baltimore,Goldsboro,MD,39.0316,-75.7821,48.42,0
MD,Baltimore,Greenbelt,MD,38.9953,-76.8885,25.96,0
MD,Baltimore,Hampstead,MD,39.6105,-76.8549,24.7,5
MD,Baltimore,Havre De Grace,MD,39.548,-76.1146,31.51,18
MD,Baltimore,Hillcrest Heights,MD,38.8373,-76.9641,37.37,1
MD,Baltimore,Hyattsville,MD,38.9613,-76.9548,29.95,144
MD,Baltimore,Jessup,MD,39.1488,-76.7772,13.88,67
MD,Baltimore,Joppatowne,MD,39.4181,-76.3516,16.06,0
MD,Baltimore,Kennedyville,MD,39.3032,-75.9949,33.12,2
MD,Baltimore,Kingsville,MD,39.4496,-76.4205,14.38,0
MD,Baltimore,Landover,MD,38.9241,-76.8875,30.12,3
MD,Baltimore,Landover Hills,MD,38.9425,-76.8945,29.21,0
MD,Baltimore,Lanham,MD,38.962,-76.8421,26.66,0
MD,Baltimore,Largo,MD,38.88,-76.8289,31.54,0
MD,Baltimore,Laurel,MD,39.0949,-76.8622,19.67,7
MD,Baltimore,Linthicum,MD,39.2088,-76.6626,7.14,0
MD,Baltimore,Manchester,MD,39.6585,-76.8881,28.45,0
MD,Baltimore,Marydel,MD,39.113,-75.7497,48.16,0
MD,Baltimore,Middle River,MD,39.3436,-76.4253,10.45,13
MD,Baltimore,Milford Mill,MD,39.3444,-76.7668,8.59,1
MD,Baltimore,Millington,MD,39.2629,-75.836,41.73,1
MD,Baltimore,Monrovia,MD,39.357,-77.2747,35.47,2
MD,Baltimore,Montgomery Village,MD,39.1788,-77.1954,32.29,0
MD,Baltimore,Mount Airy,MD,39.3742,-77.1534,29.2,9
MD,Baltimore,New Market,MD,39.3889,-77.2789,35.97,0
MD,Baltimore,New Windsor,MD,39.5443,-77.1012,30.79,0
MD,Baltimore,North Bethesda,MD,39.0393,-77.1191,32.68,0
MD,Baltimore,North East,MD,39.6076,-75.9414,41.54,18
MD,Baltimore,Odenton,MD,39.0661,-76.6938,17.05,99
MD,Baltimore,Owings Mills,MD,39.4115,-76.7913,11.97,3
MD,Baltimore,Oxon Hill,MD,38.7884,-76.9727,40.55,4
MD,Baltimore,Pasadena,MD,39.1552,-76.5537,10.85,3
MD,Baltimore,Perryman,MD,39.4632,-76.212,24.11,5
MD,Baltimore,Perryville,MD,39.5737,-76.0668,34.62,10
MD,Baltimore,Point of Rocks,MD,39.2782,-77.5291,48.95,2
MD,Baltimore,Port Deposit,MD,39.6111,-76.098,34.73,0
MD,Baltimore,Queen Anne,MD,38.9021,-76.6973,28.2,3
MD,Baltimore,Queenstown,MD,38.9868,-76.1633,32.68,17
MD,Baltimore,Reisterstown,MD,39.455,-76.814,14.86,1
MD,Baltimore,Rising Sun,MD,39.7003,-76.0587,40.29,1
MD,Baltimore,Riverdale Park,MD,38.9643,-76.9266,28.89,0
MD,Baltimore,Rockville,MD,39.0834,-77.1553,32.77,14
MD,Baltimore,Rosedale,MD,39.3266,-76.5084,5.86,25
MD,Baltimore,Rossville,MD,39.3572,-76.4767,8.19,0
MD,Baltimore,Savage,MD,39.1485,-76.8228,15.54,1
MD,Baltimore,Severn,MD,39.1355,-76.6956,12.5,24
MD,Baltimore,Severna Park,MD,39.087,-76.5687,15.27,0
MD,Baltimore,Silver Spring,MD,39.0028,-77.0207,30.17,1
MD,Baltimore,Stevensville,MD,38.9745,-76.3184,27.81,0
MD,Baltimore,Sudlersville,MD,39.1833,-75.8535,41.58,0
MD,Baltimore,Suitland,MD,38.8492,-76.9225,35.57,0
MD,Baltimore,Sykesville,MD,39.3716,-76.9716,19.63,5
MD,Baltimore,Takoma Park,MD,38.981,-77.0028,30.57,0
MD,Baltimore,Taneytown,MD,39.6569,-77.1683,38.25,9
MD,Baltimore,Temple Hills,MD,38.8106,-76.9495,38.61,1
MD,Baltimore,Thurmont,MD,39.621,-77.4076,47.61,4
MD,Baltimore,Timonium,MD,39.4459,-76.6032,9.75,0
MD,Baltimore,Towson,MD,39.3944,-76.619,6.17,1
MD,Baltimore,Union Bridge,MD,39.5731,-77.1744,35.15,2
MD,Baltimore,Upper Marlboro,MD,38.8153,-76.7514,34.63,13
MD,Baltimore,Westminster,MD,39.5796,-77.0067,28.25,8
MD,Baltimore,White Marsh,MD,39.3819,-76.4574,9.93,18
MD,Baltimore,Woodlawn,MD,39.3054,-76.7489,7.19,0
MD,Baltimore,Woodsboro,MD,39.5328,-77.3097,40.31,1
ME,Kingfield,Augusta,ME,44.3341,-69.7319,47.96,0
ME,Kingfield,Bethel,ME,44.4038,-70.7863,49.16,1
ME,Kingfield,Kingfield,ME,44.9582,-70.1592,0.0,16
ME,Kingfield,Turner,ME,44.2581,-70.258,48.62,0
ME,Kingfield,Waterville,ME,44.5441,-69.6624,37.59,10
MI,Grand Rapids,Allegan,MI,42.5299,-85.8462,31.37,4
MI,Grand Rapids,Allendale,MI,42.9845,-85.9499,14.93,2
MI,Grand Rapids,Belding,MI,43.0968,-85.2331,23.31,0
MI,Grand Rapids,Bloomingdale,MI,42.3833,-85.959,42.83,0
MI,Grand Rapids,Byron Center,MI,42.8121,-85.7279,10.97,5
MI,Grand Rapids,Caledonia,MI,42.7945,-85.5153,13.59,2
MI,Grand Rapids,Cedar Springs,MI,43.2201,-85.5535,18.58,3
MI,Grand Rapids,Comstock Park,MI,43.0438,-85.6778,5.76,0
MI,Grand Rapids,Coopersville,MI,43.0658,-85.9341,15.77,2
MI,Grand Rapids,Crystal,MI,43.2642,-84.9276,42.27,2
MI,Grand Rapids,Fremont,MI,43.4633,-85.9537,37.74,1
MI,Grand Rapids,Galesburg,MI,42.2911,-85.4182,47.9,0
MI,Grand Rapids,Grand Haven,MI,43.0553,-86.2201,29.21,5
MI,Grand Rapids,Grand Ledge,MI,42.7534,-84.7448,48.36,0
MI,Grand Rapids,Grand Rapids,MI,42.9619,-85.6562,0.0,55
MI,Grand Rapids,Grandville,MI,42.9004,-85.7564,6.61,6
MI,Grand Rapids,Greenville,MI,43.1797,-85.2534,25.29,1
MI,Grand Rapids,Hastings,MI,42.6498,-85.2886,28.5,1
MI,Grand Rapids,Holland,MI,42.7677,-86.0984,26.11,24
MI,Grand Rapids,Hudsonville,MI,42.8632,-85.8627,12.48,2
MI,Grand Rapids,Ionia,MI,42.9773,-85.0727,29.52,0
MI,Grand Rapids,Jenison,MI,42.9063,-85.8269,9.45,1
MI,Grand Rapids,Kalamazoo,MI,42.2749,-85.5882,47.59,6
MI,Grand Rapids,Kent City,MI,43.2202,-85.7539,18.52,0
MI,Grand Rapids,Kentwood,MI,42.8852,-85.5926,6.2,14
MI,Grand Rapids,Lowell,MI,42.9351,-85.3457,15.81,1
MI,Grand Rapids,Martin,MI,42.537,-85.6389,29.37,1
MI,Grand Rapids,Montague,MI,43.4128,-86.3636,47.33,0
MI,Grand Rapids,Mulliken,MI,42.763,-84.8963,40.86,0
MI,Grand Rapids,Muskegon,MI,43.2281,-86.2562,35.42,3
MI,Grand Rapids,Newaygo,MI,43.4162,-85.8031,32.25,0
MI,Grand Rapids,Norton Shores,MI,43.1621,-86.2519,33.1,1
MI,Grand Rapids,Parchment,MI,42.3277,-85.5667,44.05,27
MI,Grand Rapids,Pewamo,MI,43.002,-84.8473,40.98,0
MI,Grand Rapids,Plainwell,MI,42.4457,-85.6435,35.67,2
MI,Grand Rapids,Portland,MI,42.8697,-84.8991,38.84,0
MI,Grand Rapids,Ravenna,MI,43.1888,-85.9415,21.29,1
MI,Grand Rapids,Richland,MI,42.3762,-85.4553,41.74,0
MI,Grand Rapids,Rockford,MI,43.1267,-85.5582,12.42,1
MI,Grand Rapids,South Haven,MI,42.4011,-86.2677,49.66,2
MI,Grand Rapids,Sparta,MI,43.1571,-85.7106,13.76,12
MI,Grand Rapids,Spring Lake,MI,43.0733,-86.1944,28.26,7
MI,Grand Rapids,Stanwood,MI,43.5805,-85.4481,44.0,20
MI,Grand Rapids,Sunfield,MI,42.7612,-84.9952,36.23,10
MI,Grand Rapids,Walker,MI,42.9853,-85.7446,4.75,3
MI,Grand Rapids,Wayland,MI,42.6725,-85.6408,20.01,2
MI,Grand Rapids,White Cloud,MI,43.5541,-85.772,41.33,8
MI,Grand Rapids,Wyoming,MI,42.8908,-85.7066,5.53,7
MI,Grand Rapids,Zeeland,MI,42.8139,-86.0129,20.75,3
MN,Minneapolis,Anoka,MN,45.2099,-93.3893,18.03,1
MN,Minneapolis,Arden Hills,MN,45.0721,-93.167,8.97,1
MN,Minneapolis,Becker,MN,45.3824,-93.8772,41.46,0
MN,Minneapolis,Big Lake,MN,45.3417,-93.7434,34.93,0
MN,Minneapolis,Blaine,MN,45.1696,-93.2077,14.54,1
MN,Minneapolis,Bloomington,MN,44.8306,-93.3151,9.47,0
MN,Minneapolis,Brooklyn Park,MN,45.1112,-93.3505,10.97,2
MN,Minneapolis,Burnsville,MN,44.7648,-93.2793,13.74,1
MN,Minneapolis,Cambridge,MN,45.5612,-93.2283,41.34,0
MN,Minneapolis,Centerville,MN,45.164,-93.054,17.34,1
MN,Minneapolis,Chanhassen,MN,44.8546,-93.5621,16.25,1
MN,Minneapolis,Chaska,MN,44.8164,-93.6091,19.56,0
MN,Minneapolis,Circle Pines,MN,45.1409,-93.1505,13.53,1
MN,Minneapolis,Coon Rapids,MN,45.1755,-93.3094,14.79,0
MN,Minneapolis,Cottage Grove,MN,44.8161,-92.9274,19.53,1
MN,Minneapolis,Eagan,MN,44.817,-93.1638,11.33,5
MN,Minneapolis,Eden Prairie,MN,44.8488,-93.4595,12.28,1
MN,Minneapolis,Elk River,MN,45.3314,-93.567,29.3,4
MN,Minneapolis,Faribault,MN,44.2996,-93.2789,45.87,2
MN,Minneapolis,Fridley,MN,45.0841,-93.2595,8.34,0
MN,Minneapolis,Glencoe,MN,44.7699,-94.151,45.27,0
MN,Minneapolis,Golden Valley,MN,44.9901,-93.3591,4.83,0
MN,Minneapolis,Hastings,MN,44.7318,-92.8538,25.84,1
MN,Minneapolis,Inver Grove Heights,MN,44.8247,-93.0596,13.99,0
MN,Minneapolis,Jordan,MN,44.6648,-93.6351,27.39,1
MN,Minneapolis,Lakeville,MN,44.6774,-93.252,19.78,3
MN,Minneapolis,Loretto,MN,45.0548,-93.6353,19.03,0
MN,Minneapolis,Maple Grove,MN,45.1089,-93.4626,13.83,2
MN,Minneapolis,Maple Plain,MN,45.0088,-93.6618,19.51,0
MN,Minneapolis,Mendota Heights,MN,44.8815,-93.14,8.44,0
MN,Minneapolis,Minneapolis,MN,44.9635,-93.2678,0.0,21
MN,Minneapolis,Montgomery,MN,44.445,-93.5797,38.96,2
MN,Minneapolis,Monticello,MN,45.2991,-93.7996,34.78,0
MN,Minneapolis,Mounds View,MN,45.1071,-93.2076,10.35,0
MN,Minneapolis,New Brighton,MN,45.0658,-93.206,7.69,0
MN,Minneapolis,New Hope,MN,45.0375,-93.3869,7.75,2
MN,Minneapolis,Newport,MN,44.8743,-92.9975,14.59,0
MN,Minneapolis,North Branch,MN,45.5137,-92.9601,40.86,1
MN,Minneapolis,Northfield,MN,44.455,-93.1698,35.46,0
MN,Minneapolis,Otsego,MN,45.266,-93.6201,27.05,0
MN,Minneapolis,Plymouth,MN,45.0225,-93.4617,10.31,2
MN,Minneapolis,Prior Lake,MN,44.7246,-93.4419,18.58,0
MN,Minneapolis,Red Wing,MN,44.5817,-92.6036,41.92,0
MN,Minneapolis,Rockford,MN,45.092,-93.7453,24.95,1
MN,Minneapolis,Rogers,MN,45.1865,-93.5783,21.61,2
MN,Minneapolis,Rosemount,MN,44.7466,-93.0661,17.95,1
MN,Minneapolis,Roseville,MN,45.0155,-93.1545,6.6,3
MN,Minneapolis,Savage,MN,44.7545,-93.3632,15.18,0
MN,Minneapolis,Shakopee,MN,44.7745,-93.4772,16.6,14
MN,Minneapolis,White Bear Lake,MN,45.0656,-93.015,14.22,2
MN,Minneapolis,Winsted,MN,44.9574,-94.0498,38.23,1
MN,Minneapolis,Woodbury,MN,44.9057,-92.923,17.33,1
MO,St. Louis,Arnold,MO,38.4297,-90.3733,15.84,2
MO,St. Louis,Ballwin,MO,38.595,-90.55,16.7,0
MO,St. Louis,Barnhart,MO,38.336,-90.4046,22.44,0
MO,St. Louis,Brentwood,MO,38.6194,-90.3475,5.64,0
MO,St. Louis,Bridgeton,MO,38.7673,-90.4275,13.38,5
MO,St. Louis,Chesterfield,MO,38.6589,-90.5803,18.16,2
MO,St. Louis,De Soto,MO,38.141,-90.5609,38.23,0
MO,St. Louis,Des Peres,MO,38.5973,-90.448,11.27,0
MO,St. Louis,Fenton,MO,38.5279,-90.4488,13.29,4
MO,St. Louis,Hazelwood,MO,38.7931,-90.3899,13.38,9
MO,St. Louis,Kinloch,MO,38.7384,-90.3249,8.29,0
MO,St. Louis,Maryland Heights,MO,38.7189,-90.4749,13.66,2
MO,St. Louis,Moscow Mills,MO,38.94,-90.9254,42.24,2
MO,St. Louis,Overland,MO,38.6966,-90.3689,7.89,1
MO,St. Louis,Pacific,MO,38.4809,-90.754,29.51,1
MO,St. Louis,Pevely,MO,38.2867,-90.3988,25.52,3
MO,St. Louis,St. Louis,MO,38.6359,-90.2451,0.0,50
MO,St. Louis,St. Peters,MO,38.7825,-90.6061,21.94,4
MO,St. Louis,Ste. Genevieve,MO,37.9755,-90.0477,46.87,1
MO,St. Louis,Troy,MO,38.9708,-90.9714,45.44,0
MO,St. Louis,Union,MO,38.4399,-90.9927,42.61,1
MO,St. Louis,Valley Park,MO,38.5513,-90.4923,14.57,1
MO,St. Louis,Washington,MO,38.5515,-91.0154,42.0,3
MO,St. Louis,Weldon Spring,MO,38.7119,-90.6513,22.53,0
MO,St. Louis,Wentzville,MO,38.8153,-90.8669,35.74,2
MO,St. Louis,Winfield,MO,38.9928,-90.7456,36.53,1
MO,St. Louis,Wright City,MO,38.8341,-91.0399,44.97,5
MS,Olive Branch,Batesville,MS,34.3148,-89.9249,44.87,0
MS,Olive Branch,Byhalia,MS,34.869,-89.689,10.97,7
MS,Olive Branch,Crenshaw,MS,34.5047,-90.1946,37.2,1
MS,Olive Branch,Hernando,MS,34.85,-89.9921,11.25,1
MS,Olive Branch,Holly Springs,MS,34.7768,-89.4466,26.02,1
MS,Olive Branch,Horn Lake,MS,34.9512,-90.0501,11.53,6
MS,Olive Branch,Olive Branch,MS,34.961,-89.8469,0.0,39
MS,Olive Branch,Oxford,MS,34.3627,-89.5336,45.01,3
MS,Olive Branch,Senatobia,MS,34.6081,-89.9762,25.46,4
MS,Olive Branch,Southaven,MS,34.9514,-89.9786,7.49,21
MS,Olive Branch,Tunica,MS,34.6881,-90.3809,35.68,1
MS,Olive Branch,Walls,MS,34.9257,-90.1604,17.92,1
MT,Billings,Billings,MT,45.7891,-108.5526,0.0,0
NC,Charlotte,Albemarle,NC,35.3594,-80.1915,37.51,9
NC,Charlotte,Ansonville,NC,35.1041,-80.1097,41.34,2
NC,Charlotte,Badin,NC,35.4071,-80.1184,42.43,1
NC,Charlotte,Belmont,NC,35.2212,-81.0401,11.88,81
NC,Charlotte,Bessemer City,NC,35.284,-81.2828,26.06,12
NC,Charlotte,Catawba,NC,35.7095,-81.0668,37.1,17
NC,Charlotte,Charlotte,NC,35.2083,-80.8303,0.0,2902
NC,Charlotte,Cherryville,NC,35.3844,-81.3781,33.2,23
NC,Charlotte,China Grove,NC,35.572,-80.5791,28.84,2
NC,Charlotte,Claremont,NC,35.7104,-81.1532,39.16,51
NC,Charlotte,Cleveland,NC,35.7331,-80.6817,37.21,4
NC,Charlotte,Concord,NC,35.3933,-80.6369,16.8,384
NC,Charlotte,Conover,NC,35.7154,-81.2174,41.26,120
NC,Charlotte,Cornelius,NC,35.4724,-80.8813,18.47,2
NC,Charlotte,Crouse,NC,35.4214,-81.3027,30.43,0
NC,Charlotte,Dallas,NC,35.3169,-81.183,21.27,66
NC,Charlotte,Davidson,NC,35.484,-80.8247,19.05,0
NC,Charlotte,Denver,NC,35.5344,-81.034,25.29,7
NC,Charlotte,East Spencer,NC,35.6816,-80.4228,39.94,2
NC,Charlotte,Fairview,NC,35.1545,-80.5345,17.11,0
NC,Charlotte,Gastonia,NC,35.2494,-81.1854,20.24,81
NC,Charlotte,Gold Hill,NC,35.5254,-80.3452,35.03,5
NC,Charlotte,Granite Quarry,NC,35.6131,-80.4489,35.26,0
NC,Charlotte,Grover,NC,35.1735,-81.452,35.19,20
NC,Charlotte,Harrisburg,NC,35.3125,-80.6485,12.53,12
NC,Charlotte,Hickory,NC,35.741,-81.3223,46.05,312
NC,Charlotte,Hildebran,NC,35.7182,-81.421,48.44,12
NC,Charlotte,Huntersville,NC,35.406,-80.8716,13.86,147
NC,Charlotte,Indian Trail,NC,35.0699,-80.6452,14.17,8
NC,Charlotte,Iron Station,NC,35.4515,-81.1568,24.92,4
NC,Charlotte,Kannapolis,NC,35.4764,-80.6408,21.38,13
NC,Charlotte,Kings Mountain,NC,35.2349,-81.3501,29.4,82
NC,Charlotte,Kingstown,NC,35.3621,-81.6201,45.79,1
NC,Charlotte,Landis,NC,35.5477,-80.6113,26.5,5
NC,Charlotte,Lawndale,NC,35.4142,-81.563,43.69,26
NC,Charlotte,Lincolnton,NC,35.4748,-81.2386,29.47,164
NC,Charlotte,Locust,NC,35.2688,-80.4369,22.59,0
NC,Charlotte,Lowell,NC,35.2688,-81.1013,15.85,2
NC,Charlotte,Maiden,NC,35.5845,-81.224,34.17,12
NC,Charlotte,Marshville,NC,34.9865,-80.3685,30.27,16
NC,Charlotte,Matthews,NC,35.1195,-80.7101,9.15,11
NC,Charlotte,Mcadenville,NC,35.2652,-81.0805,14.66,1
NC,Charlotte,Midland,NC,35.245,-80.5212,17.63,12
NC,Charlotte,Mint Hill,NC,35.1783,-80.6528,10.23,10
NC,Charlotte,Monroe,NC,35.0063,-80.5596,20.71,214
NC,Charlotte,Mooresboro,NC,35.2992,-81.6986,49.39,272
NC,Charlotte,Mooresville,NC,35.5847,-80.8266,26.01,1152
NC,Charlotte,Mount Gilead,NC,35.2163,-80.005,46.59,11
NC,Charlotte,Mount Holly,NC,35.3136,-81.0073,12.36,25
NC,Charlotte,Mount Pleasant,NC,35.3771,-80.4503,24.4,0
NC,Charlotte,New London,NC,35.4348,-80.2198,37.81,58
NC,Charlotte,Newton,NC,35.663,-81.2335,38.76,122
NC,Charlotte,Norwood,NC,35.2337,-80.1147,40.43,0
NC,Charlotte,Oakboro,NC,35.2283,-80.3339,28.05,14
NC,Charlotte,Peachland,NC,34.9931,-80.266,35.19,3
NC,Charlotte,Pineville,NC,35.0864,-80.8915,9.1,1538
NC,Charlotte,Polkton,NC,35.0031,-80.1963,38.54,0
NC,Charlotte,Richfield,NC,35.4716,-80.2586,37.0,0
NC,Charlotte,Rockwell,NC,35.5538,-80.407,33.74,3
NC,Charlotte,Salisbury,NC,35.6658,-80.4905,36.95,138
NC,Charlotte,Shelby,NC,35.2904,-81.5451,40.73,659
NC,Charlotte,Stallings,NC,35.1088,-80.6598,11.83,0
NC,Charlotte,Stanfield,NC,35.2337,-80.4303,22.65,0
NC,Charlotte,Stanley,NC,35.3552,-81.0938,18.0,79
NC,Charlotte,Statesville,NC,35.7842,-80.8713,39.86,206
NC,Charlotte,Stony Point,NC,35.8669,-81.047,47.11,0
NC,Charlotte,Troutman,NC,35.6873,-80.883,33.23,14
NC,Charlotte,Unionville,NC,35.0716,-80.5173,20.05,0
NC,Charlotte,Waco,NC,35.3622,-81.4287,35.39,0
NC,Charlotte,Wadesboro,NC,34.9645,-80.0746,45.93,36
NC,Charlotte,Waxhaw,NC,34.9363,-80.7439,19.42,5
NC,Charlotte,Wingate,NC,34.9859,-80.448,26.52,0
ND,Carrington,Carrington,ND,47.452,-99.1307,0.0,0
NE,Omaha,Colon,NE,41.2981,-96.6069,28.87,1
NE,Omaha,La Vista,NE,41.1816,-96.0664,5.65,0
NE,Omaha,Lincoln,NE,40.8099,-96.6784,45.18,1
NE,Omaha,Offutt AFB,NE,41.1207,-95.9209,11.97,1
NE,Omaha,Omaha,NE,41.2627,-96.0529,0.0,4
NE,Omaha,Valley,NE,41.3148,-96.3566,16.17,0
NH,Concord,Claremont,NH,43.379,-72.3368,40.41,0
NH,Concord,Concord,NH,43.2305,-71.5595,0.0,16
NH,Concord,Dover,NH,43.1887,-70.8845,34.11,2
NH,Concord,Franklin,NH,43.4499,-71.6691,16.13,2
NH,Concord,Keene,NH,42.9494,-72.2998,42.1,0
NH,Concord,Laconia,NH,43.5725,-71.4775,23.99,0
NH,Concord,Lebanon,NH,43.6353,-72.2531,44.65,0
NH,Concord,Manchester,NH,42.9848,-71.4447,17.94,6
NH,Concord,Nashua,NH,42.7491,-71.491,33.44,6
NH,Concord,North Walpole,NH,43.1467,-72.4458,45.02,0
NH,Concord,Portsmouth,NH,43.058,-70.7826,40.94,0
NH,Concord,Rochester,NH,43.299,-70.9787,29.6,3
NH,Concord,Somersworth,NH,43.2534,-70.8856,33.96,0
NJ,Newark,Allendale,NJ,41.0332,-74.1333,21.43,5
NJ,Newark,Allentown,NJ,40.1778,-74.5873,43.62,0
NJ,Newark,Asbury,NJ,40.7003,-75.0121,44.0,1
NJ,Newark,Asbury Park,NJ,40.2226,-74.0119,35.69,0
NJ,Newark,Avenel,NJ,40.5842,-74.2716,11.0,45
NJ,Newark,Bayonne,NJ,40.6668,-74.1158,4.97,26
NJ,Newark,Bergenfield,NJ,40.9236,-73.9982,16.5,0
NJ,Newark,Bloomsbury,NJ,40.6537,-75.084,48.0,0
NJ,Newark,Bogota,NJ,40.8751,-74.0293,12.82,1
NJ,Newark,Bound Brook,NJ,40.5676,-74.5383,22.03,3
NJ,Newark,Budd Lake,NJ,40.8733,-74.7375,31.29,9
NJ,Newark,Butler,NJ,40.999,-74.3472,21.05,0
NJ,Newark,Califon,NJ,40.7193,-74.8371,34.8,0
NJ,Newark,Carlstadt,NJ,40.8247,-74.0613,9.04,20
NJ,Newark,Carteret,NJ,40.5849,-74.2284,10.08,53
NJ,Newark,Clifton,NJ,40.863,-74.1575,9.6,17
NJ,Newark,Closter,NJ,40.9733,-73.9604,20.45,3
NJ,Newark,Cranford,NJ,40.6548,-74.3053,8.46,6
NJ,Newark,Cream Ridge,NJ,40.1326,-74.5348,45.12,3
NJ,Newark,Dayton,NJ,40.3768,-74.5112,29.89,194
NJ,Newark,Dover,NJ,40.8859,-74.5597,23.12,1
NJ,Newark,East Orange,NJ,40.7651,-74.2117,3.48,0
NJ,Newark,East Rutherford,NJ,40.8179,-74.0854,7.9,8
NJ,Newark,Eatontown,NJ,40.2913,-74.0558,30.55,7
NJ,Newark,Edgewater,NJ,40.8237,-73.974,12.44,0
NJ,Newark,Elizabeth,NJ,40.6658,-74.1913,4.17,159
NJ,Newark,Elmwood Park,NJ,40.9049,-74.1201,12.76,44
NJ,Newark,Emerson,NJ,40.9748,-74.024,18.96,0
NJ,Newark,Englewood,NJ,40.8917,-73.9736,15.55,14
NJ,Newark,Englishtown,NJ,40.2971,-74.3607,31.14,2
NJ,Newark,Fair Lawn,NJ,40.9359,-74.1177,14.88,15
NJ,Newark,Fairview,NJ,40.8182,-74.0022,11.01,3
NJ,Newark,Farmingdale,NJ,40.1985,-74.1702,36.34,7
NJ,Newark,Flanders,NJ,40.8412,-74.7102,29.26,9
NJ,Newark,Flemington,NJ,40.5087,-74.8599,39.01,6
NJ,Newark,Fords,NJ,40.5359,-74.3126,14.96,0
NJ,Newark,Fort Lee,NJ,40.8509,-73.9713,13.68,0
NJ,Newark,Frenchtown,NJ,40.5272,-75.0571,48.35,0
NJ,Newark,Garfield,NJ,40.8791,-74.1085,11.19,13
NJ,Newark,Glen Rock,NJ,40.9601,-74.125,16.47,0
NJ,Newark,Great Meadows,NJ,40.877,-74.9034,39.65,0
NJ,Newark,Hackensack,NJ,40.8891,-74.0462,13.15,7
NJ,Newark,Hackettstown,NJ,40.854,-74.8257,35.32,1
NJ,Newark,Haledon,NJ,40.9363,-74.1887,14.66,1
NJ,Newark,Harrison,NJ,40.7431,-74.1531,1.64,9
NJ,Newark,Hasbrouck Heights,NJ,40.8618,-74.0741,10.79,1
NJ,Newark,Hawthorne,NJ,40.9579,-74.1582,16.14,5
NJ,Newark,Hightstown,NJ,40.2686,-74.5253,36.55,4
NJ,Newark,Hillsborough,NJ,40.5069,-74.6523,29.31,7
NJ,Newark,Hoboken,NJ,40.7452,-74.0281,7.69,1
NJ,Newark,Jamesburg,NJ,40.3493,-74.4399,29.48,7
NJ,Newark,Jersey City,NJ,40.7184,-74.0686,5.46,213
NJ,Newark,Kearny,NJ,40.7528,-74.1202,3.36,57
NJ,Newark,Keasbey,NJ,40.5143,-74.3078,16.16,24
NJ,Newark,Kenilworth,NJ,40.6781,-74.289,6.89,7
NJ,Newark,Keyport,NJ,40.4328,-74.2011,20.21,1
NJ,Newark,Lakehurst,NJ,40.0133,-74.3201,49.75,4
NJ,Newark,Lambertville,NJ,40.3687,-74.943,47.34,1
NJ,Newark,Landing,NJ,40.9078,-74.6593,28.43,0
NJ,Newark,Lawrenceville,NJ,40.3018,-74.7378,41.65,10
NJ,Newark,Leonia,NJ,40.8638,-73.99,13.56,5
NJ,Newark,Lincoln Park,NJ,40.9239,-74.3035,15.39,2
NJ,Newark,Linden,NJ,40.6251,-74.2383,7.68,219
NJ,Newark,Little Ferry,NJ,40.8464,-74.0388,10.95,1
NJ,Newark,Little Silver,NJ,40.3357,-74.0346,27.82,0
NJ,Newark,Lodi,NJ,40.8784,-74.0814,11.65,0
NJ,Newark,Long Branch,NJ,40.2965,-73.9915,31.06,1
NJ,Newark,Madison,NJ,40.7586,-74.4169,13.01,0
NJ,Newark,Matawan,NJ,40.4127,-74.2365,21.8,0
NJ,Newark,Maywood,NJ,40.9025,-74.0634,13.56,3
NJ,Newark,Metuchen,NJ,40.5424,-74.3628,16.06,3
NJ,Newark,Middlesex,NJ,40.5744,-74.5011,20.11,18
NJ,Newark,Milford,NJ,40.5694,-75.0916,49.36,2
NJ,Newark,Milltown,NJ,40.4504,-74.4351,23.42,2
NJ,Newark,Monmouth Beach,NJ,40.3364,-73.9863,28.54,0
NJ,Newark,Monmouth Junction,NJ,40.3754,-74.5582,31.49,6
NJ,Newark,Moonachie,NJ,40.8408,-74.059,9.99,15
NJ,Newark,Morris Plains,NJ,40.8356,-74.4786,17.76,0
NJ,Newark,Morristown,NJ,40.7967,-74.4772,16.71,1
NJ,Newark,Mount Arlington,NJ,40.919,-74.639,27.85,0
NJ,Newark,Mountainside,NJ,40.6811,-74.3601,10.27,1
NJ,Newark,Neptune City,NJ,40.2005,-74.0333,36.94,2
NJ,Newark,Netcong,NJ,40.8985,-74.7019,30.18,3
NJ,Newark,New Brunswick,NJ,40.487,-74.445,21.76,21
NJ,Newark,New Egypt,NJ,40.0645,-74.5284,49.3,0
NJ,Newark,Newark,NJ,40.7245,-74.1725,0.0,399
NJ,Newark,Newfoundland,NJ,41.0594,-74.4308,26.79,0
NJ,Newark,Newton,NJ,41.0534,-74.7527,37.88,0
NJ,Newark,North Arlington,NJ,40.7874,-74.1273,4.95,2
NJ,Newark,North Plainfield,NJ,40.6209,-74.4386,15.67,0
NJ,Newark,Northvale,NJ,41.0101,-73.9505,22.89,1
NJ,Newark,Norwood,NJ,40.9933,-73.951,21.88,1
NJ,Newark,Oakhurst,NJ,40.2607,-74.0263,32.95,0
NJ,Newark,Oakland,NJ,41.0313,-74.2408,21.5,0
NJ,Newark,Oradell,NJ,40.9562,-74.0314,17.63,0
NJ,Newark,Palisades Park,NJ,40.8472,-73.9966,12.51,1
NJ,Newark,Paramus,NJ,40.9455,-74.0712,16.16,0
NJ,Newark,Parsippany,NJ,40.8645,-74.4135,15.89,13
NJ,Newark,Passaic,NJ,40.8574,-74.1282,9.47,22
NJ,Newark,Paterson,NJ,40.9147,-74.1624,13.15,20
NJ,Newark,Pennington,NJ,40.3262,-74.7908,42.57,0
NJ,Newark,Perth Amboy,NJ,40.5202,-74.2724,15.06,24
NJ,Newark,Pine Brook,NJ,40.8676,-74.3438,13.34,6
NJ,Newark,Plainfield,NJ,40.6154,-74.4157,14.81,5
NJ,Newark,Pompton Lakes,NJ,41.0024,-74.2859,20.09,0
NJ,Newark,Pompton Plains,NJ,40.9679,-74.3075,18.24,1
NJ,Newark,Port Murray,NJ,40.7915,-74.924,39.6,12
NJ,Newark,Port Reading,NJ,40.5685,-74.2469,11.46,13
NJ,Newark,Rahway,NJ,40.6077,-74.2807,9.86,10
NJ,Newark,Ramsey,NJ,41.0595,-74.1454,23.19,1
NJ,Newark,Ridgefield,NJ,40.8313,-74.0147,11.07,3
NJ,Newark,Ridgefield Park,NJ,40.8543,-74.0201,12.0,4
NJ,Newark,Ringwood,NJ,41.1065,-74.2749,26.93,0
NJ,Newark,Riverdale,NJ,40.9921,-74.3125,19.88,8
NJ,Newark,Rockleigh,NJ,41.0026,-73.9327,22.94,0
NJ,Newark,Roseland,NJ,40.8208,-74.3086,9.75,1
NJ,Newark,Roselle,NJ,40.6527,-74.2599,6.75,2
NJ,Newark,Roselle Park,NJ,40.6653,-74.2666,6.41,1
NJ,Newark,Rutherford,NJ,40.8203,-74.1057,7.49,0
NJ,Newark,Sayreville,NJ,40.4656,-74.3237,19.57,32
NJ,Newark,Secaucus,NJ,40.781,-74.0659,6.81,56
NJ,Newark,Shrewsbury,NJ,40.3249,-74.06,28.23,0
NJ,Newark,Somerset,NJ,40.5083,-74.501,22.8,96
NJ,Newark,Somerville,NJ,40.5696,-74.6092,25.27,6
NJ,Newark,South Amboy,NJ,40.4852,-74.2831,17.52,2
NJ,Newark,South Plainfield,NJ,40.5748,-74.4152,16.4,37
NJ,Newark,South River,NJ,40.4455,-74.3783,22.1,5
NJ,Newark,Spotswood,NJ,40.3949,-74.392,25.52,1
NJ,Newark,Springfield,NJ,40.706,-74.313,7.47,0
NJ,Newark,Stanhope,NJ,40.9141,-74.7027,30.66,2
NJ,Newark,Succasunna,NJ,40.853,-74.6568,26.85,0
NJ,Newark,Summit,NJ,40.7154,-74.3647,10.08,0
NJ,Newark,Teterboro,NJ,40.858,-74.0594,10.96,3
NJ,Newark,Tinton Falls,NJ,40.2708,-74.0949,31.61,21
NJ,Newark,Totowa,NJ,40.9039,-74.2214,12.66,35
NJ,Newark,Trenton,NJ,40.2237,-74.7641,46.52,33
NJ,Newark,Union,NJ,40.6966,-74.2693,5.42,14
NJ,Newark,Union City,NJ,40.7675,-74.0323,7.92,0
NJ,Newark,Waldwick,NJ,41.0133,-74.1259,20.1,0
NJ,Newark,Wallington,NJ,40.8536,-74.1069,9.56,0
NJ,Newark,Washington,NJ,40.7587,-74.9825,42.47,4
NJ,Newark,Watchung,NJ,40.6431,-74.4391,15.06,0
NJ,Newark,West Long Branch,NJ,40.2883,-74.0185,31.21,0
NJ,Newark,West New York,NJ,40.7857,-74.0094,9.53,0
NJ,Newark,Westwood,NJ,40.9878,-74.0308,19.64,0
NJ,Newark,Wharton,NJ,40.8998,-74.5808,24.55,36
NJ,Newark,Whippany,NJ,40.8233,-74.4184,14.57,6
NJ,Newark,Wood-Ridge,NJ,40.8508,-74.0878,9.79,8
NM,Las Cruces,Las Cruces,NM,32.3265,-106.7893,0.0,2
NM,Las Cruces,Mesquite,NM,32.167,-106.6885,12.5,2
NM,Las Cruces,Santa Teresa,NM,31.8701,-106.6714,32.28,1
NV,Las Vegas,Las Vegas,NV,36.2333,-115.2654,0.0,1
NY,Baldwinsville,Auburn,NY,42.9338,-76.5685,19.53,41
NY,Baldwinsville,Baldwinsville,NY,43.1578,-76.3325,0.0,141
NY,Baldwinsville,Canastota,NY,43.0836,-75.7559,29.53,21
NY,Baldwinsville,Central Square,NY,43.286,-76.1419,13.06,0
NY,Baldwinsville,Clyde,NY,43.0839,-76.8707,27.62,0
NY,Baldwinsville,Cortland,NY,42.6004,-76.1784,39.3,4
NY,Baldwinsville,Earlville,NY,42.7401,-75.5436,49.24,0
NY,Baldwinsville,East Syracuse,NY,43.0638,-76.0698,14.76,20
NY,Baldwinsville,Fulton,NY,43.3171,-76.4167,11.79,7
NY,Baldwinsville,Geneva,NY,42.8645,-76.9826,38.59,20
NY,Baldwinsville,Hall,NY,42.7965,-77.068,44.78,0
NY,Baldwinsville,Interlaken,NY,42.6189,-76.7251,42.21,0
NY,Baldwinsville,Jordan,NY,43.0671,-76.473,9.46,0
NY,Baldwinsville,Liverpool,NY,43.1065,-76.2095,7.14,28
NY,Baldwinsville,Mannsville,NY,43.7158,-76.0649,40.82,0
NY,Baldwinsville,Newark,NY,43.0418,-77.093,39.19,0
NY,Baldwinsville,North Rose,NY,43.1872,-76.8863,27.98,2
NY,Baldwinsville,North Syracuse,NY,43.1339,-76.1304,10.32,1
NY,Baldwinsville,Oneida,NY,43.0769,-75.6622,34.27,0
NY,Baldwinsville,Oswego,NY,43.4516,-76.5005,21.99,15
NY,Baldwinsville,Phoenix,NY,43.2316,-76.2961,5.42,1
NY,Baldwinsville,Port Byron,NY,43.0366,-76.6263,17.02,0
NY,Baldwinsville,Pulaski,NY,43.5653,-76.1268,29.99,2
NY,Baldwinsville,Rome,NY,43.226,-75.4909,42.66,69
NY,Baldwinsville,Sherrill,NY,43.0704,-75.5993,37.47,2
NY,Baldwinsville,Shortsville,NY,42.9556,-77.2227,47.06,1
NY,Baldwinsville,Solvay,NY,43.0571,-76.2123,9.23,2
NY,Baldwinsville,Syracuse,NY,43.0407,-76.1437,12.5,48
NY,Baldwinsville,Trumansburg,NY,42.541,-76.6618,45.76,0
NY,Baldwinsville,Weedsport,NY,43.0482,-76.5637,13.91,0
OH,Norwalk,Amherst,OH,41.4022,-82.2303,22.47,4
OH,Norwalk,Ashland,OH,40.8668,-82.3156,30.23,19
OH,Norwalk,Attica,OH,41.0634,-82.8873,19.13,0
OH,Norwalk,Avon,OH,41.4485,-82.0187,33.7,4
OH,Norwalk,Avon Lake,OH,41.4944,-82.0159,35.27,3
OH,Norwalk,Bellevue,OH,41.2745,-82.8403,12.2,4
OH,Norwalk,Bellville,OH,40.6297,-82.5244,42.69,0
OH,Norwalk,Berea,OH,41.3696,-81.8641,39.61,3
OH,Norwalk,Berlin Heights,OH,41.3204,-82.4903,8.09,1
OH,Norwalk,Broadview Heights,OH,41.3196,-81.6779,48.61,1
OH,Norwalk,Brook Park,OH,41.4036,-81.8219,42.29,12
OH,Norwalk,Brooklyn,OH,41.4349,-81.7497,46.47,6
OH,Norwalk,Brunswick,OH,41.2465,-81.8198,40.99,2
OH,Norwalk,Bucyrus,OH,40.8054,-82.9719,35.75,4
OH,Norwalk,Caledonia,OH,40.6364,-82.9695,46.03,17
OH,Norwalk,Carey,OH,40.9497,-83.3831,45.16,103
OH,Norwalk,Castalia,OH,41.4011,-82.808,14.97,0
OH,Norwalk,Clyde,OH,41.3044,-82.9781,19.62,45
OH,Norwalk,Crestline,OH,40.7836,-82.7458,32.62,6
OH,Norwalk,Curtice,OH,41.616,-83.3743,47.25,0
OH,Norwalk,Elmore,OH,41.4708,-83.2911,38.69,0
OH,Norwalk,Elyria,OH,41.376,-82.106,27.64,49
OH,Norwalk,Fostoria,OH,41.16,-83.4121,42.16,14
OH,Norwalk,Fremont,OH,41.3535,-83.1147,27.32,103
OH,Norwalk,Galion,OH,40.7385,-82.7792,36.06,9
OH,Norwalk,Grafton,OH,41.2809,-82.038,29.75,1
OH,Norwalk,Green Springs,OH,41.2569,-83.053,23.09,1
OH,Norwalk,Greenwich,OH,41.0318,-82.5198,15.4,0
OH,Norwalk,Hayesville,OH,40.7752,-82.2596,37.18,1
OH,Norwalk,Huron,OH,41.3912,-82.5636,10.42,41
OH,Norwalk,Iberia,OH,40.6747,-82.8403,41.17,2
OH,Norwalk,Lakewood,OH,41.4822,-81.8008,45.01,0
OH,Norwalk,Lexington,OH,40.68,-82.5793,39.02,44
OH,Norwalk,Lodi,OH,41.0348,-82.0124,34.24,0
OH,Norwalk,Lorain,OH,41.4409,-82.184,25.89,6
OH,Norwalk,Loudonville,OH,40.6342,-82.2328,46.5,0
OH,Norwalk,Luckey,OH,41.4525,-83.4839,47.62,69
OH,Norwalk,Mansfield,OH,40.7656,-82.5275,33.35,16
OH,Norwalk,Medina,OH,41.1358,-81.8695,39.16,36
OH,Norwalk,Middleburg Heights,OH,41.3696,-81.815,42.1,3
OH,Norwalk,Milan,OH,41.2882,-82.5994,3.07,0
OH,Norwalk,Millbury,OH,41.5648,-83.4255,47.77,0
OH,Norwalk,Monroeville,OH,41.244,-82.7018,4.83,9
OH,Norwalk,New Washington,OH,40.9604,-82.8547,23.42,2
OH,Norwalk,North Olmsted,OH,41.4149,-81.919,37.68,1
OH,Norwalk,North Ridgeville,OH,41.3852,-82.0195,32.09,4
OH,Norwalk,North Royalton,OH,41.3138,-81.745,45.11,0
OH,Norwalk,Norwalk,OH,41.2443,-82.6088,0.0,823
OH,Norwalk,Oak Harbor,OH,41.5121,-83.1424,33.28,1
OH,Norwalk,Oberlin,OH,41.286,-82.2198,20.41,7
OH,Norwalk,Old Fort,OH,41.2419,-83.1514,28.19,9
OH,Norwalk,Olmsted Falls,OH,41.3657,-81.9038,37.54,1
OH,Norwalk,Ontario,OH,40.771,-82.6104,32.7,1
OH,Norwalk,Parma,OH,41.3843,-81.7286,46.69,1
OH,Norwalk,Perrysville,OH,40.6584,-82.3144,43.3,2
OH,Norwalk,Port Clinton,OH,41.5094,-82.9385,25.05,1
OH,Norwalk,Risingsun,OH,41.2671,-83.4268,42.52,3
OH,Norwalk,Rittman,OH,40.9736,-81.785,46.79,14
OH,Norwalk,Rocky River,OH,41.4702,-81.8525,42.21,2
OH,Norwalk,Sandusky,OH,41.4468,-82.7024,14.81,3
OH,Norwalk,Seville,OH,41.0207,-81.8671,41.58,1
OH,Norwalk,Sheffield Lake,OH,41.4883,-82.0979,31.4,2
OH,Norwalk,Shelby,OH,40.8847,-82.6578,24.98,12
OH,Norwalk,Shreve,OH,40.6813,-82.0217,49.51,5
OH,Norwalk,Smithville,OH,40.8625,-81.8604,47.08,1
OH,Norwalk,Spencer,OH,41.0991,-82.1231,27.18,2
OH,Norwalk,Strongsville,OH,41.3128,-81.8313,40.65,12
OH,Norwalk,Tiffin,OH,41.1165,-83.1805,31.01,12
OH,Norwalk,Upper Sandusky,OH,40.8298,-83.2721,44.89,15
OH,Norwalk,Valley City,OH,41.2336,-81.9396,34.78,19
OH,Norwalk,Wadsworth,OH,41.0279,-81.7323,48.0,21
OH,Norwalk,Wellington,OH,41.1613,-82.2255,20.73,0
OH,Norwalk,Westlake,OH,41.4524,-81.9294,38.06,2
OH,Norwalk,Willard,OH,41.0518,-82.7232,14.57,17
OH,Norwalk,Wooster,OH,40.8172,-81.9336,45.93,26
OK,Tulsa,Catoosa,OK,36.1834,-95.768,8.5,0
OK,Tulsa,Claremore,OK,36.3146,-95.6095,20.87,1
OK,Tulsa,Fort Gibson,OK,35.7763,-95.2602,43.46,2
OK,Tulsa,Inola,OK,36.1321,-95.5369,20.5,1
OK,Tulsa,Muskogee,OK,35.7432,-95.3567,40.57,2
OK,Tulsa,Sand Springs,OK,36.1353,-96.1283,12.52,2
OK,Tulsa,Sapulpa,OK,36.0091,-96.1003,13.7,3
OK,Tulsa,Tulsa,OK,36.1283,-95.9042,0.0,4
OR,Echo,Echo,OR,45.7431,-119.1917,0.0,1
PA,Leesport,Alburtis,PA,40.509,-75.6001,19.85,146
PA,Leesport,Allentown,PA,40.5961,-75.4756,27.91,253
PA,Leesport,Ambler,PA,40.1564,-75.2215,44.12,0
PA,Leesport,Atglen,PA,39.9473,-75.9754,34.4,3
PA,Leesport,Audubon,PA,40.1304,-75.428,35.83,0
PA,Leesport,Avondale,PA,39.8248,-75.7819,43.98,0
PA,Leesport,Bally,PA,40.4004,-75.5875,20.27,2
PA,Leesport,Bangor,PA,40.8678,-75.2085,49.39,1
PA,Leesport,Bath,PA,40.7279,-75.3919,36.01,1
PA,Leesport,Bernville,PA,40.4334,-76.1107,7.53,19
PA,Leesport,Berwick,PA,41.0555,-76.2492,44.66,13
PA,Leesport,Bethlehem,PA,40.6266,-75.3679,33.93,119
PA,Leesport,Birdsboro,PA,40.2619,-75.8099,15.16,15
PA,Leesport,Blandon,PA,40.4447,-75.8799,4.65,15
PA,Leesport,Bloomsburg,PA,41.0027,-76.4561,46.22,34
PA,Leesport,Boyertown,PA,40.3322,-75.6375,19.08,8
PA,Leesport,Breinigsville,PA,40.5394,-75.6347,18.71,222
PA,Leesport,Bridgeport,PA,40.1042,-75.3437,40.49,1
PA,Leesport,Brodheadsville,PA,40.9267,-75.4017,44.6,0
PA,Leesport,Cambridge,PA,40.0804,-75.9439,25.23,3
PA,Leesport,Catawissa,PA,40.9531,-76.4604,43.55,6
PA,Leesport,Chalfont,PA,40.2893,-75.2095,41.38,6
PA,Leesport,Coatesville,PA,39.9849,-75.82,32.75,66
PA,Leesport,Collegeville,PA,40.1873,-75.4581,32.25,2
PA,Leesport,Columbia,PA,40.0347,-76.4944,39.67,9
PA,Leesport,Conshohocken,PA,40.0772,-75.3034,43.31,5
PA,Leesport,Cressona,PA,40.6304,-76.1939,17.44,1
PA,Leesport,Danville,PA,40.9615,-76.6121,49.09,2
PA,Leesport,Denver,PA,40.2326,-76.1392,17.22,24
PA,Leesport,Douglassville,PA,40.2577,-75.7251,18.21,14
PA,Leesport,Downingtown,PA,40.0076,-75.7019,33.34,13
PA,Leesport,Dublin,PA,40.373,-75.2041,40.52,0
PA,Leesport,Eagleville,PA,40.1599,-75.4089,35.46,0
PA,Leesport,East Greenville,PA,40.4057,-75.5059,24.48,3
PA,Leesport,East York,PA,39.9687,-76.6755,49.76,3
PA,Leesport,Easton,PA,40.6858,-75.2209,42.61,43
PA,Leesport,Elizabethtown,PA,40.1533,-76.599,38.87,20
PA,Leesport,Elizabethville,PA,40.5472,-76.816,45.09,1
PA,Leesport,Elverson,PA,40.1559,-75.8304,21.26,0
PA,Leesport,Elysburg,PA,40.868,-76.5492,42.2,3
PA,Leesport,Emmaus,PA,40.5352,-75.4978,25.5,1
PA,Leesport,Ephrata,PA,40.1811,-76.1812,21.41,13
PA,Leesport,Exton,PA,40.0307,-75.6303,33.73,18
PA,Leesport,Fleetwood,PA,40.4565,-75.8209,7.8,6
PA,Leesport,Fort Washington,PA,40.1408,-75.1926,45.97,0
PA,Leesport,Fountain Hill,PA,40.6029,-75.3961,31.97,1
PA,Leesport,Frackville,PA,40.7833,-76.2329,27.18,4
PA,Leesport,Frazer,PA,40.0374,-75.556,35.59,0
PA,Leesport,Fredericksburg,PA,40.4441,-76.4377,24.68,11
PA,Leesport,Freeland,PA,41.0212,-75.8963,39.98,0
PA,Leesport,Gap,PA,39.9888,-76.0212,31.65,0
PA,Leesport,Glenmoore,PA,40.0868,-75.782,26.64,1
PA,Leesport,Gordon,PA,40.7502,-76.3398,28.71,0
PA,Leesport,Hallam,PA,40.0024,-76.6041,45.39,2
PA,Leesport,Hamburg,PA,40.5561,-75.9825,7.71,94
PA,Leesport,Harleysville,PA,40.2792,-75.3873,32.67,1
PA,Leesport,Harrisburg,PA,40.2752,-76.8843,49.63,40
PA,Leesport,Hatboro,PA,40.1775,-75.1055,49.08,1
PA,Leesport,Hazleton,PA,40.9505,-75.9725,34.92,166
PA,Leesport,Hellertown,PA,40.5812,-75.3378,34.43,0
PA,Leesport,Herndon,PA,40.7104,-76.8519,49.86,15
PA,Leesport,Hershey,PA,40.2806,-76.6458,37.43,3
PA,Leesport,Highspire,PA,40.2085,-76.7851,46.02,2
PA,Leesport,Hummelstown,PA,40.2657,-76.7126,41.1,1
PA,Leesport,Intercourse,PA,40.0379,-76.1081,29.08,0
PA,Leesport,Ivyland,PA,40.2083,-75.0733,49.91,8
PA,Leesport,Jonestown,PA,40.413,-76.4806,27.03,11
PA,Leesport,Kempton,PA,40.6278,-75.8546,13.97,1
PA,Leesport,Kennett Square,PA,39.8438,-75.7113,43.71,0
PA,Leesport,Kimberton,PA,40.1306,-75.5743,30.06,1
PA,Leesport,King Of Prussia,PA,40.0963,-75.3821,39.19,10
PA,Leesport,Klingerstown,PA,40.6588,-76.6931,40.81,0
PA,Leesport,Kutztown,PA,40.5212,-75.7772,11.34,88
PA,Leesport,Lancaster,PA,40.042,-76.3012,32.92,178
PA,Leesport,Landisville,PA,40.0902,-76.4064,33.68,2
PA,Leesport,Lansdale,PA,40.2417,-75.2812,38.82,8
PA,Leesport,Lebanon,PA,40.3412,-76.4228,24.97,54
PA,Leesport,Leesport,PA,40.4451,-75.9684,0.0,1034
PA,Leesport,Lehighton,PA,40.8306,-75.7165,29.73,0
PA,Leesport,Lenhartsville,PA,40.5721,-75.8892,9.71,0
PA,Leesport,Leola,PA,40.0915,-76.1891,27.06,32
PA,Leesport,Lititz,PA,40.154,-76.3044,26.8,6
PA,Leesport,Lykens,PA,40.5641,-76.6983,39.22,1
PA,Leesport,Lyons,PA,40.4807,-75.7592,11.27,1
PA,Leesport,Macungie,PA,40.5165,-75.5545,22.3,11
PA,Leesport,Mahanoy City,PA,40.8126,-76.1382,26.91,3
PA,Leesport,Malvern,PA,40.0329,-75.5146,37.2,5
PA,Leesport,Manchester,PA,40.0613,-76.7195,47.66,14
PA,Leesport,Manheim,PA,40.163,-76.3964,29.81,5
PA,Leesport,Marietta,PA,40.0574,-76.5515,40.78,4
PA,Leesport,Mcadoo,PA,40.9009,-75.9924,31.52,0
PA,Leesport,Media,PA,39.9199,-75.3889,47.46,0
PA,Leesport,Mertztown,PA,40.5033,-75.6674,16.32,4
PA,Leesport,Middletown,PA,40.201,-76.7289,43.47,19
PA,Leesport,Minersville,PA,40.6908,-76.2594,22.84,0
PA,Leesport,Modena,PA,39.9619,-75.8025,34.51,2
PA,Leesport,Montgomeryville,PA,40.2502,-75.2405,40.63,20
PA,Leesport,Morgantown,PA,40.1538,-75.8884,20.56,6
PA,Leesport,Mount Carmel,PA,40.7959,-76.4119,33.59,3
PA,Leesport,Mount Joy,PA,40.1106,-76.5065,36.59,19
PA,Leesport,Mount Wolf,PA,40.0616,-76.7053,47.03,2
PA,Leesport,Mountain Top,PA,41.1353,-75.9045,47.81,56
PA,Leesport,Mountville,PA,40.0402,-76.4339,37.22,0
PA,Leesport,Myerstown,PA,40.3722,-76.3055,18.44,47
PA,Leesport,Nazareth,PA,40.74,-75.3131,39.97,15
PA,Leesport,Nescopeck,PA,41.053,-76.2123,43.9,5
PA,Leesport,Nesquehoning,PA,40.866,-75.8322,29.94,5
PA,Leesport,New Holland,PA,40.1008,-76.09,24.64,25
PA,Leesport,Newmanstown,PA,40.3515,-76.2117,14.34,0
PA,Leesport,Norristown,PA,40.1225,-75.3398,39.93,0
PA,Leesport,North Wales,PA,40.2111,-75.2745,39.97,3
PA,Leesport,Northampton,PA,40.6866,-75.4904,30.13,47
PA,Leesport,Nottingham,PA,39.7509,-76.0258,48.06,1
PA,Leesport,Oaks,PA,40.1318,-75.4596,34.46,33
PA,Leesport,Orwigsburg,PA,40.6541,-76.104,16.1,10
PA,Leesport,Oxford,PA,39.7858,-75.9801,45.56,4
PA,Leesport,Palmerton,PA,40.8023,-75.616,30.83,2
PA,Leesport,Palmyra,PA,40.3099,-76.5943,34.24,4
PA,Leesport,Paoli,PA,40.042,-75.4912,37.54,4
PA,Leesport,Pardeesville,PA,41.0006,-75.968,38.38,0
PA,Leesport,Parkesburg,PA,39.9593,-75.9177,33.67,16
PA,Leesport,Pen Argyl,PA,40.8676,-75.2534,47.5,29
PA,Leesport,Pennsburg,PA,40.3936,-75.4965,25.08,1
PA,Leesport,Perkasie,PA,40.372,-75.292,35.94,2
PA,Leesport,Phoenixville,PA,40.1359,-75.5201,31.85,86
PA,Leesport,Pine Grove,PA,40.5535,-76.386,23.18,6
PA,Leesport,Plymouth Meeting,PA,40.1097,-75.2803,43.04,0
PA,Leesport,Port Carbon,PA,40.6969,-76.1666,20.27,0
PA,Leesport,Pottstown,PA,40.2508,-75.6445,21.71,35
PA,Leesport,Pottsville,PA,40.6798,-76.2091,20.56,62
PA,Leesport,Quakertown,PA,40.4398,-75.3455,32.76,13
PA,Leesport,Quarryville,PA,39.8957,-76.1617,39.31,4
PA,Leesport,Reading,PA,40.34,-75.9267,7.59,212
PA,Leesport,Red Hill,PA,40.3771,-75.4838,25.92,2
PA,Leesport,Richland,PA,40.3574,-76.2569,16.34,0
PA,Leesport,Ringtown,PA,40.8565,-76.2352,31.68,0
PA,Leesport,Robesonia,PA,40.3495,-76.1391,11.15,8
PA,Leesport,Ronks,PA,40.0267,-76.171,30.82,1
PA,Leesport,Royersford,PA,40.1862,-75.5382,28.87,0
PA,Leesport,Schaefferstown,PA,40.2968,-76.2939,19.96,0
PA,Leesport,Schnecksville,PA,40.6699,-75.6115,24.34,0
PA,Leesport,Schuylkill Haven,PA,40.6283,-76.1729,16.6,3
PA,Leesport,Schwenksville,PA,40.2574,-75.4662,29.45,0
PA,Leesport,Sellersville,PA,40.36,-75.3083,35.23,1
PA,Leesport,Shamokin,PA,40.7881,-76.555,38.84,0
PA,Leesport,Shillington,PA,40.3029,-75.967,9.83,0
PA,Leesport,Shoemakersville,PA,40.5004,-75.97,3.82,65
PA,Leesport,Sinking Spring,PA,40.3242,-76.0235,8.84,3
PA,Leesport,Souderton,PA,40.311,-75.3224,35.24,5
PA,Leesport,Spring City,PA,40.1768,-75.5466,28.94,0
PA,Leesport,Steelton,PA,40.2258,-76.8253,47.61,1
PA,Leesport,Stockertown,PA,40.7547,-75.2627,42.76,1
PA,Leesport,Tamaqua,PA,40.8033,-75.9344,24.81,9
PA,Leesport,Tatamy,PA,40.7409,-75.256,42.6,3
PA,Leesport,Telford,PA,40.3259,-75.3274,34.73,0
PA,Leesport,Temple,PA,40.4084,-75.9225,3.5,0
PA,Leesport,Thorndale,PA,39.9991,-75.7517,32.87,0
PA,Leesport,Topton,PA,40.5031,-75.7023,14.55,59
PA,Leesport,Toughkenamon,PA,39.8313,-75.7565,43.86,2
PA,Leesport,Tower City,PA,40.5884,-76.553,32.26,1
PA,Leesport,Tremont,PA,40.6302,-76.3912,25.62,16
PA,Leesport,Trumbauersville,PA,40.4133,-75.3803,31.01,1
PA,Leesport,Walnutport,PA,40.7515,-75.5956,28.82,1
PA,Leesport,Wayne,PA,40.0409,-75.3945,41.18,0
PA,Leesport,Wernersville,PA,40.3302,-76.0818,9.93,1
PA,Leesport,Wescosville,PA,40.5617,-75.5489,23.47,3
PA,Leesport,West Chester,PA,39.9601,-75.6058,38.59,18
PA,Leesport,West Conshohocken,PA,40.0702,-75.3188,42.94,0
PA,Leesport,West Grove,PA,39.8206,-75.8284,43.78,3
PA,Leesport,West Hazleton,PA,40.9701,-76.0142,36.35,8
PA,Leesport,West Reading,PA,40.3337,-75.947,7.78,1
PA,Leesport,Willow Grove,PA,40.1469,-75.1174,49.35,0
PA,Leesport,Wind Gap,PA,40.8484,-75.2917,45.11,10
PA,Leesport,Womelsdorf,PA,40.3655,-76.1864,12.72,0
PA,Leesport,Wrightsville,PA,40.0239,-76.5312,41.57,0
PA,Leesport,Wyncote,PA,40.0915,-75.1463,49.75,0
PA,Leesport,Wyomissing,PA,40.3317,-75.9703,7.84,0
PA,Leesport,York Haven,PA,40.1106,-76.7149,45.63,0
PA,Leesport,Yorkana,PA,39.976,-76.5846,45.91,0
RI,Cranston,Ashaway,RI,41.426,-71.7852,28.12,4
RI,Cranston,Central Falls,RI,41.8901,-71.3934,9.82,1
RI,Cranston,Cranston,RI,41.7658,-71.4858,0.0,15
RI,Cranston,East Providence,RI,41.8065,-71.3565,7.23,0
RI,Cranston,Newport,RI,41.4801,-71.3203,21.51,0
RI,Cranston,Pawtucket,RI,41.8744,-71.3743,9.45,6
RI,Cranston,Providence,RI,41.823,-71.4187,5.25,12
RI,Cranston,Warwick,RI,41.7062,-71.4334,4.93,5
RI,Cranston,Woonsocket,RI,42.001,-71.4993,16.27,4
RI,Cranston,Wyoming,RI,41.5143,-71.6903,20.33,0
SC,Rock Hill,Blacksburg,SC,35.122,-81.5182,30.61,48
SC,Rock Hill,Buffalo,SC,34.7244,-81.6844,40.34,1
SC,Rock Hill,Carlisle,SC,34.5921,-81.4645,34.75,0
SC,Rock Hill,Catawba,SC,34.8464,-80.9061,9.38,168
SC,Rock Hill,Chesnee,SC,35.1461,-81.863,49.52,2
SC,Rock Hill,Chester,SC,34.7051,-81.2132,19.54,106
SC,Rock Hill,Clover,SC,35.1125,-81.2202,16.21,5
SC,Rock Hill,Cowpens,SC,35.0186,-81.8041,44.48,76
SC,Rock Hill,Elgin,SC,34.6724,-80.7215,25.31,16
SC,Rock Hill,Fort Lawn,SC,34.7003,-80.8991,18.11,199
SC,Rock Hill,Fort Mill,SC,35.0061,-80.9389,6.57,133
SC,Rock Hill,Gaffney,SC,35.0743,-81.6552,36.88,74
SC,Rock Hill,Great Falls,SC,34.5753,-80.9048,26.19,7
SC,Rock Hill,Heath Springs,SC,34.5933,-80.675,31.17,3
SC,Rock Hill,Hickory Grove,SC,34.9785,-81.418,22.45,0
SC,Rock Hill,Jefferson,SC,34.6512,-80.3866,41.36,0
SC,Rock Hill,Jonesville,SC,34.8348,-81.6811,37.96,0
SC,Rock Hill,Kershaw,SC,34.5462,-80.5873,36.89,1
SC,Rock Hill,Lancaster,SC,34.7248,-80.7804,20.38,37
SC,Rock Hill,Pageland,SC,34.772,-80.3897,37.83,25
SC,Rock Hill,Pauline,SC,34.8321,-81.8693,48.5,0
SC,Rock Hill,Richburg,SC,34.7168,-81.0196,15.53,73
SC,Rock Hill,Ridgeway,SC,34.3066,-80.9601,44.02,3
SC,Rock Hill,Rock Hill,SC,34.9415,-81.0241,0.0,1480
SC,Rock Hill,Union,SC,34.7235,-81.6248,37.25,124
SC,Rock Hill,Winnsboro,SC,34.3718,-81.0907,39.54,17
SC,Rock Hill,York,SC,34.9967,-81.2341,12.49,45
SD,Sioux Falls,Beresford,SD,43.0797,-96.7803,31.87,1
SD,Sioux Falls,Canton,SD,43.3032,-96.5848,17.91,0
SD,Sioux Falls,Madison,SD,44.0062,-97.1085,37.33,1
SD,Sioux Falls,Sioux Falls,SD,43.5396,-96.7311,0.0,3
SD,Sioux Falls,Tea,SD,43.4564,-96.8257,7.45,0
TN,Knoxville,Alcoa,TN,35.8076,-83.9753,11.26,6
TN,Knoxville,Andersonville,TN,36.197,-84.033,16.41,0
TN,Knoxville,Bean Station,TN,36.3323,-83.2852,44.76,4
TN,Knoxville,Blaine,TN,36.1478,-83.6939,18.87,0
TN,Knoxville,Caryville,TN,36.3252,-84.2199,28.85,1
TN,Knoxville,Clinton,TN,36.0981,-84.1283,13.38,9
TN,Knoxville,Cosby,TN,35.7952,-83.2457,41.2,1
TN,Knoxville,Dandridge,TN,36.0284,-83.4308,29.29,10
TN,Knoxville,Farragut,TN,35.8731,-84.1821,14.61,0
TN,Knoxville,Friendsville,TN,35.7563,-84.1319,17.9,0
TN,Knoxville,Gatlinburg,TN,35.725,-83.4938,30.6,0
TN,Knoxville,Greenback,TN,35.6487,-84.1725,25.42,1
TN,Knoxville,Halls,TN,36.0817,-83.9344,7.82,1
TN,Knoxville,Harriman,TN,35.9307,-84.5602,34.26,1
TN,Knoxville,Helenwood,TN,36.4227,-84.5429,45.57,0
TN,Knoxville,Huntsville,TN,36.4112,-84.5056,43.52,1
TN,Knoxville,Jacksboro,TN,36.3351,-84.1928,28.69,0
TN,Knoxville,Jefferson City,TN,36.1201,-83.4829,28.08,8
TN,Knoxville,Kingston,TN,35.8713,-84.4959,31.31,0
TN,Knoxville,Knoxville,TN,35.9692,-83.9496,0.0,135
TN,Knoxville,Lenoir City,TN,35.8111,-84.2818,21.57,6
TN,Knoxville,Loudon,TN,35.7414,-84.3701,28.32,35
TN,Knoxville,Louisville,TN,35.8247,-84.0552,11.6,1
TN,Knoxville,Madisonville,TN,35.5232,-84.363,38.56,0
TN,Knoxville,Maryville,TN,35.7468,-83.9789,15.45,11
TN,Knoxville,Mascot,TN,36.0673,-83.7649,12.35,6
TN,Knoxville,Maynardville,TN,36.247,-83.8057,20.81,2
TN,Knoxville,Mooresburg,TN,36.3531,-83.2362,47.83,2
TN,Knoxville,Morristown,TN,36.2043,-83.3001,39.74,58
TN,Knoxville,New Market,TN,36.1096,-83.5493,24.38,1
TN,Knoxville,New Tazewell,TN,36.4381,-83.6053,37.66,4
TN,Knoxville,Newport,TN,35.9617,-83.1976,42.06,33
TN,Knoxville,Oak Ridge,TN,35.9639,-84.2938,19.25,1
TN,Knoxville,Oneida,TN,36.5171,-84.5108,49.1,0
TN,Knoxville,Pigeon Forge,TN,35.7977,-83.5623,24.71,0
TN,Knoxville,Powell,TN,36.0358,-84.0296,6.42,3
TN,Knoxville,Rockford,TN,35.8328,-83.9358,9.46,2
TN,Knoxville,Rockwood,TN,35.8692,-84.6731,41.07,2
TN,Knoxville,Sevierville,TN,35.8872,-83.5678,22.1,6
TN,Knoxville,Sunbright,TN,36.2428,-84.6798,44.93,0
TN,Knoxville,Sweetwater,TN,35.6029,-84.4716,38.69,5
TN,Knoxville,Tazewell,TN,36.4625,-83.5669,40.21,1
TN,Knoxville,Vonore,TN,35.5977,-84.2364,30.29,14
TN,Knoxville,White Pine,TN,36.1087,-83.297,37.71,1
TX,Houston,Baytown,TX,29.7587,-94.9671,25.34,3
TX,Houston,Channelview,TX,29.7914,-95.1144,16.44,2
TX,Houston,Conroe,TX,30.3238,-95.4824,37.58,1
TX,Houston,Damon,TX,29.2832,-95.7408,40.69,0
TX,Houston,Fresno,TX,29.5357,-95.4696,17.97,0
TX,Houston,Houston,TX,29.786,-95.3885,0.0,30
TX,Houston,Humble,TX,29.9921,-95.2655,16.03,0
TX,Houston,Jersey Village,TX,29.8903,-95.5721,13.15,0
TX,Houston,Katy,TX,29.7905,-95.8353,26.79,0
TX,Houston,La Porte,TX,29.6689,-95.0484,21.95,2
TX,Houston,League City,TX,29.4874,-95.1087,26.61,0
TX,Houston,Missouri City,TX,29.563,-95.5365,17.79,0
TX,Houston,Pasadena,TX,29.6575,-95.1498,16.85,4
TX,Houston,Pearland,TX,29.5581,-95.3218,16.25,0
TX,Houston,Pinehurst,TX,30.1889,-95.7017,33.56,0
TX,Houston,Sealy,TX,29.7662,-96.163,46.47,0
TX,Houston,Spring,TX,30.0613,-95.383,19.02,0
TX,Houston,Stafford,TX,29.6271,-95.5654,15.27,1
TX,Houston,Sugar Land,TX,29.5935,-95.6358,19.93,1
TX,Houston,Wallis,TX,29.6317,-96.0638,41.9,1
UT,Roosevelt,Roosevelt,UT,40.2924,-110.0093,0.0,1
VA,Ridgeway,Altavista,VA,37.1235,-79.2856,49.22,1
VA,Ridgeway,Bassett,VA,36.7615,-79.9866,14.53,0
VA,Ridgeway,Blairs,VA,36.6958,-79.3774,27.88,3
VA,Ridgeway,Cave Spring,VA,37.2254,-80.0072,45.47,0
VA,Ridgeway,Chatham,VA,36.8185,-79.3967,30.49,10
VA,Ridgeway,Christiansburg,VA,37.1406,-80.4036,49.19,2
VA,Ridgeway,Collinsville,VA,36.7215,-79.9122,10.35,1
VA,Ridgeway,Danville,VA,36.5831,-79.4088,24.94,92
VA,Ridgeway,Elliston,VA,37.2164,-80.2245,48.52,1
VA,Ridgeway,Fancy Gap,VA,36.6771,-80.6997,47.15,2
VA,Ridgeway,Fieldale,VA,36.7009,-79.9424,9.68,11
VA,Ridgeway,Floyd,VA,36.9118,-80.3184,34.36,1
VA,Ridgeway,Gretna,VA,36.9492,-79.3647,37.47,2
VA,Ridgeway,Hurt,VA,37.0954,-79.3029,47.12,0
VA,Ridgeway,Martinsville,VA,36.6826,-79.8636,7.23,102
VA,Ridgeway,Meadows of Dan,VA,36.7386,-80.3973,31.87,0
VA,Ridgeway,Moneta,VA,37.1886,-79.6133,44.3,2
VA,Ridgeway,Ridgeway,VA,36.5781,-79.8583,0.0,437
VA,Ridgeway,Riner,VA,37.0676,-80.4405,46.7,1
VA,Ridgeway,Roanoke,VA,37.2785,-79.9581,48.71,254
VA,Ridgeway,Rocky Mount,VA,37.0045,-79.8854,29.5,9
VA,Ridgeway,Stanleytown,VA,36.7514,-79.9524,13.06,3
VA,Ridgeway,Stuart,VA,36.6404,-80.2687,23.17,5
VA,Ridgeway,Vinton,VA,37.2746,-79.8887,48.15,12
VT,Rutland,BARRE,VT,44.1998,-72.5085,47.03,1
VT,Rutland,Danby,VT,43.3452,-72.9946,18.26,1
VT,Rutland,Londonderry,VT,43.2278,-72.8083,27.7,0
VT,Rutland,Montpelier,VT,44.2659,-72.5717,49.68,0
VT,Rutland,New Haven,VT,44.1266,-73.151,36.77,0
VT,Rutland,North Bennington,VT,42.924,-73.2411,49.15,1
VT,Rutland,North Springfield,VT,43.3304,-72.5277,29.69,0
VT,Rutland,Rutland,VT,43.6092,-72.9783,0.0,9
VT,Rutland,Vergennes,VT,44.1664,-73.2557,40.9,0
WA,Vancouver,Vancouver,WA,45.6366,-122.5967,0.0,0
WI,Appleton,Appleton,WI,44.278,-88.3892,0.0,13
WI,Appleton,Black Creek,WI,44.4742,-88.4506,13.89,0
WI,Appleton,Brownsville,WI,43.6147,-88.4953,46.13,3
WI,Appleton,Campbellsport,WI,43.5975,-88.2814,47.32,0
WI,Appleton,Chilton,WI,44.0293,-88.1625,20.53,1
WI,Appleton,Clintonville,WI,44.6222,-88.7513,29.74,4
WI,Appleton,Combined Locks,WI,44.2642,-88.3064,4.21,0
WI,Appleton,De Pere,WI,44.4308,-88.0785,18.63,3
WI,Appleton,Fond Du Lac,WI,43.7718,-88.4397,35.06,3
WI,Appleton,Gillett,WI,44.8897,-88.3063,42.46,1
WI,Appleton,Green Bay,WI,44.5148,-87.9895,25.63,13
WI,Appleton,Hobart,WI,44.4967,-88.1602,18.87,2
WI,Appleton,Hortonville,WI,44.3368,-88.6361,12.87,0
WI,Appleton,Kaukauna,WI,44.2773,-88.2641,6.19,3
WI,Appleton,Kimberly,WI,44.267,-88.3378,2.65,0
WI,Appleton,Kohler,WI,43.7364,-87.7795,48.15,0
WI,Appleton,Little Chute,WI,44.2906,-88.3208,3.49,2
WI,Appleton,Lomira,WI,43.5946,-88.4421,47.29,3
WI,Appleton,Manawa,WI,44.4613,-88.9204,29.13,3
WI,Appleton,Manitowoc,WI,44.0991,-87.6812,37.19,6
WI,Appleton,Markesan,WI,43.7098,-88.9907,49.35,1
WI,Appleton,Menasha,WI,44.2125,-88.4271,4.9,2
WI,Appleton,Neenah,WI,44.1669,-88.4767,8.81,13
WI,Appleton,New London,WI,44.3949,-88.7395,19.1,4
WI,Appleton,North Fond du Lac,WI,43.8107,-88.486,32.64,1
WI,Appleton,Oakfield,WI,43.6843,-88.5476,41.77,1
WI,Appleton,Oconto Falls,WI,44.8738,-88.1444,42.89,0
WI,Appleton,Oshkosh,WI,44.0227,-88.5619,19.61,7
WI,Appleton,Plymouth,WI,43.7447,-87.966,42.43,1
WI,Appleton,Pulaski,WI,44.6684,-88.2351,28.02,1
WI,Appleton,Redgranite,WI,44.0513,-89.1059,38.82,1
WI,Appleton,Ripon,WI,43.8436,-88.8386,37.4,3
WI,Appleton,Shawano,WI,44.7748,-88.5843,35.65,2
WI,Appleton,Sheboygan,WI,43.7403,-87.7316,49.48,4
WI,Appleton,Sheboygan Falls,WI,43.729,-87.8266,47.12,5
WI,Appleton,Suring,WI,45.0007,-88.3692,49.94,0
WI,Appleton,Waupaca,WI,44.3506,-89.0719,34.12,8
WI,Appleton,Weyauwega,WI,44.324,-88.9333,27.09,1
WI,Appleton,Winneconne,WI,44.1111,-88.7116,19.7,0
WI,Appleton,Wrightstown,WI,44.3263,-88.1756,11.08,3
WV,Martinsburg,Charles Town,WV,39.2746,-77.8631,14.08,0
WV,Martinsburg,Inwood,WV,39.3538,-78.0552,8.32,58
WV,Martinsburg,Martinsburg,WV,39.4582,-77.9776,0.0,136
WV,Martinsburg,Ranson,WV,39.325,-77.8667,10.94,0
WV,Martinsburg,Ridgeley,WV,39.6432,-78.7711,44.16,6
WV,Martinsburg,Romney,WV,39.3454,-78.7564,42.3,0
WY,Cheyenne,Cheyenne,WY,41.135,-104.7902,0.0,4
